   Compiling nautilus-core v0.63.0 (E:\persarb\worktrees\entropy-aster-proof\crates\core)
warning: linker stdout: 正在创建库 E:/persarb/nautilus_trader/target\nextest\deps\nautilus_persistence_macros-63fd5ed65377140a.dll.lib 和对象 E:/persarb/nautilus_trader/target\nextest\deps\nautilus_persistence_macros-63fd5ed65377140a.dll.exp
  |
  = note: `#[warn(linker_messages)]` on by default
  = note: the `linker_messages` lint ignores `-D warnings`

warning: `nautilus-persistence-macros` (lib) generated 1 warning
   Compiling nautilus-model v0.63.0 (E:\persarb\worktrees\entropy-aster-proof\crates\model)
   Compiling nautilus-cryptography v0.63.0 (E:\persarb\worktrees\entropy-aster-proof\crates\cryptography)
   Compiling nautilus-network v0.63.0 (E:\persarb\worktrees\entropy-aster-proof\crates\network)
   Compiling nautilus-common v0.63.0 (E:\persarb\worktrees\entropy-aster-proof\crates\common)
   Compiling nautilus-serialization v0.63.0 (E:\persarb\worktrees\entropy-aster-proof\crates\serialization)
   Compiling nautilus-analysis v0.63.0 (E:\persarb\worktrees\entropy-aster-proof\crates\analysis)
   Compiling nautilus-execution v0.63.0 (E:\persarb\worktrees\entropy-aster-proof\crates\execution)
   Compiling nautilus-portfolio v0.63.0 (E:\persarb\worktrees\entropy-aster-proof\crates\portfolio)
   Compiling nautilus-persistence v0.63.0 (E:\persarb\worktrees\entropy-aster-proof\crates\persistence)
   Compiling nautilus-live v0.63.0 (E:\persarb\worktrees\entropy-aster-proof\crates\live)
   Compiling nautilus-trading v0.63.0 (E:\persarb\worktrees\entropy-aster-proof\crates\trading)
   Compiling nautilus-testkit v0.63.0 (E:\persarb\worktrees\entropy-aster-proof\crates\testkit)
   Compiling nautilus-hyperliquid v0.63.0 (E:\persarb\worktrees\entropy-aster-proof\crates\adapters\hyperliquid)
   Compiling nautilus-binance v0.63.0 (E:\persarb\worktrees\entropy-aster-proof\crates\adapters\binance)
   Compiling nautilus-aster v0.63.0 (E:\persarb\worktrees\entropy-aster-proof\crates\adapters\aster)
warning: linker stdout: 正在创建库 E:\persarb\nautilus_trader\target\nextest\deps\hyperliquid_http_user_outcome.lib 和对象 E:\persarb\nautilus_trader\target\nextest\deps\hyperliquid_http_user_outcome.exp
  |
  = note: `#[warn(linker_messages)]` on by default
  = note: the `linker_messages` lint ignores `-D warnings`

warning: `nautilus-hyperliquid` (bin "hyperliquid-http-user-outcome") generated 1 warning
warning: linker stdout: 正在创建库 E:\persarb\nautilus_trader\target\nextest\deps\hyperliquid_builder_fee_revoke.lib 和对象 E:\persarb\nautilus_trader\target\nextest\deps\hyperliquid_builder_fee_revoke.exp
  |
  = note: `#[warn(linker_messages)]` on by default
  = note: the `linker_messages` lint ignores `-D warnings`

warning: linker stdout: 正在创建库 E:\persarb\nautilus_trader\target\nextest\deps\hyperliquid_http_public.lib 和对象 E:\persarb\nautilus_trader\target\nextest\deps\hyperliquid_http_public.exp
  |
  = note: `#[warn(linker_messages)]` on by default
  = note: the `linker_messages` lint ignores `-D warnings`

warning: linker stdout: 正在创建库 E:\persarb\nautilus_trader\target\nextest\deps\hyperliquid_builder_fee_approve.lib 和对象 E:\persarb\nautilus_trader\target\nextest\deps\hyperliquid_builder_fee_approve.exp
  |
  = note: `#[warn(linker_messages)]` on by default
  = note: the `linker_messages` lint ignores `-D warnings`

warning: linker stdout: 正在创建库 E:\persarb\nautilus_trader\target\nextest\deps\hyperliquid_http_exec.lib 和对象 E:\persarb\nautilus_trader\target\nextest\deps\hyperliquid_http_exec.exp
  |
  = note: `#[warn(linker_messages)]` on by default
  = note: the `linker_messages` lint ignores `-D warnings`

warning: linker stdout: 正在创建库 E:\persarb\nautilus_trader\target\nextest\deps\hyperliquid_flatten.lib 和对象 E:\persarb\nautilus_trader\target\nextest\deps\hyperliquid_flatten.exp
  |
  = note: `#[warn(linker_messages)]` on by default
  = note: the `linker_messages` lint ignores `-D warnings`

warning: linker stdout: 正在创建库 E:\persarb\nautilus_trader\target\nextest\deps\hyperliquid_http_outcome_order.lib 和对象 E:\persarb\nautilus_trader\target\nextest\deps\hyperliquid_http_outcome_order.exp
  |
  = note: `#[warn(linker_messages)]` on by default
  = note: the `linker_messages` lint ignores `-D warnings`

warning: linker stdout: 正在创建库 E:\persarb\nautilus_trader\target\nextest\deps\hyperliquid_ws_exec.lib 和对象 E:\persarb\nautilus_trader\target\nextest\deps\hyperliquid_ws_exec.exp
  |
  = note: `#[warn(linker_messages)]` on by default
  = note: the `linker_messages` lint ignores `-D warnings`

warning: linker stdout: 正在创建库 E:\persarb\nautilus_trader\target\nextest\deps\hyperliquid_http_private.lib 和对象 E:\persarb\nautilus_trader\target\nextest\deps\hyperliquid_http_private.exp
  |
  = note: `#[warn(linker_messages)]` on by default
  = note: the `linker_messages` lint ignores `-D warnings`

warning: linker stdout: 正在创建库 E:\persarb\nautilus_trader\target\nextest\deps\hyperliquid_ws_data.lib 和对象 E:\persarb\nautilus_trader\target\nextest\deps\hyperliquid_ws_data.exp
  |
  = note: `#[warn(linker_messages)]` on by default
  = note: the `linker_messages` lint ignores `-D warnings`

warning: `nautilus-hyperliquid` (bin "hyperliquid-builder-fee-approve") generated 1 warning
warning: `nautilus-hyperliquid` (bin "hyperliquid-http-exec") generated 1 warning
warning: `nautilus-hyperliquid` (bin "hyperliquid-http-public") generated 1 warning
warning: `nautilus-hyperliquid` (bin "hyperliquid-builder-fee-revoke") generated 1 warning
warning: linker stdout: 正在创建库 E:\persarb\nautilus_trader\target\nextest\deps\live_mainnet_smoke-f0f96b4cc8d25e38.lib 和对象 E:\persarb\nautilus_trader\target\nextest\deps\live_mainnet_smoke-f0f96b4cc8d25e38.exp
  |
  = note: `#[warn(linker_messages)]` on by default
  = note: the `linker_messages` lint ignores `-D warnings`

warning: linker stdout: 正在创建库 E:\persarb\nautilus_trader\target\nextest\deps\hyperliquid_capture_test_data.lib 和对象 E:\persarb\nautilus_trader\target\nextest\deps\hyperliquid_capture_test_data.exp
  |
  = note: `#[warn(linker_messages)]` on by default
  = note: the `linker_messages` lint ignores `-D warnings`

warning: `nautilus-hyperliquid` (test "live_mainnet_smoke") generated 1 warning
warning: `nautilus-hyperliquid` (bin "hyperliquid-http-private") generated 1 warning
warning: `nautilus-hyperliquid` (bin "hyperliquid-ws-data") generated 1 warning
warning: `nautilus-hyperliquid` (bin "hyperliquid-ws-exec") generated 1 warning
warning: `nautilus-hyperliquid` (bin "hyperliquid-http-outcome-order") generated 1 warning
warning: `nautilus-hyperliquid` (bin "hyperliquid-flatten") generated 1 warning
warning: linker stdout: 正在创建库 E:\persarb\nautilus_trader\target\nextest\deps\dispatch-9f82096eb5913d53.lib 和对象 E:\persarb\nautilus_trader\target\nextest\deps\dispatch-9f82096eb5913d53.exp
  |
  = note: `#[warn(linker_messages)]` on by default
  = note: the `linker_messages` lint ignores `-D warnings`

warning: linker stdout: 正在创建库 E:\persarb\nautilus_trader\target\nextest\deps\live_soak-403af7a307224895.lib 和对象 E:\persarb\nautilus_trader\target\nextest\deps\live_soak-403af7a307224895.exp
  |
  = note: `#[warn(linker_messages)]` on by default
  = note: the `linker_messages` lint ignores `-D warnings`

warning: `nautilus-hyperliquid` (bin "hyperliquid-capture-test-data") generated 1 warning
warning: `nautilus-hyperliquid` (test "live_soak") generated 1 warning
warning: `nautilus-hyperliquid` (test "dispatch") generated 1 warning
warning: linker stdout: 正在创建库 E:\persarb\nautilus_trader\target\nextest\deps\data_client-899c989961ba57a5.lib 和对象 E:\persarb\nautilus_trader\target\nextest\deps\data_client-899c989961ba57a5.exp
  |
  = note: `#[warn(linker_messages)]` on by default
  = note: the `linker_messages` lint ignores `-D warnings`

warning: `nautilus-hyperliquid` (test "data_client") generated 1 warning
warning: linker stdout: 正在创建库 E:\persarb\nautilus_trader\target\nextest\deps\binance_spot_http_public.lib 和对象 E:\persarb\nautilus_trader\target\nextest\deps\binance_spot_http_public.exp
  |
  = note: `#[warn(linker_messages)]` on by default
  = note: the `linker_messages` lint ignores `-D warnings`

warning: `nautilus-binance` (bin "binance-spot-http-public") generated 1 warning
warning: linker stdout: 正在创建库 E:\persarb\nautilus_trader\target\nextest\deps\websocket-a0fc3c6158526e03.lib 和对象 E:\persarb\nautilus_trader\target\nextest\deps\websocket-a0fc3c6158526e03.exp
  |
  = note: `#[warn(linker_messages)]` on by default
  = note: the `linker_messages` lint ignores `-D warnings`

warning: `nautilus-hyperliquid` (test "websocket") generated 1 warning
warning: linker stdout: 正在创建库 E:\persarb\nautilus_trader\target\nextest\deps\binance_spot_ws_user_data_capture.lib 和对象 E:\persarb\nautilus_trader\target\nextest\deps\binance_spot_ws_user_data_capture.exp
  |
  = note: `#[warn(linker_messages)]` on by default
  = note: the `linker_messages` lint ignores `-D warnings`

warning: linker stdout: 正在创建库 E:\persarb\nautilus_trader\target\nextest\deps\http-55926261b5dd5a7c.lib 和对象 E:\persarb\nautilus_trader\target\nextest\deps\http-55926261b5dd5a7c.exp
  |
  = note: `#[warn(linker_messages)]` on by default
  = note: the `linker_messages` lint ignores `-D warnings`

warning: `nautilus-hyperliquid` (test "http") generated 1 warning
warning: `nautilus-binance` (bin "binance-spot-ws-user-data-capture") generated 1 warning
warning: linker stdout: 正在创建库 E:\persarb\nautilus_trader\target\nextest\deps\exec_client-d8ddf50877258c58.lib 和对象 E:\persarb\nautilus_trader\target\nextest\deps\exec_client-d8ddf50877258c58.exp
  |
  = note: `#[warn(linker_messages)]` on by default
  = note: the `linker_messages` lint ignores `-D warnings`

warning: `nautilus-hyperliquid` (test "exec_client") generated 1 warning
warning: linker stdout: 正在创建库 E:\persarb\nautilus_trader\target\nextest\deps\binance_spot_http_capture_fixtures.lib 和对象 E:\persarb\nautilus_trader\target\nextest\deps\binance_spot_http_capture_fixtures.exp
  |
  = note: `#[warn(linker_messages)]` on by default
  = note: the `linker_messages` lint ignores `-D warnings`

warning: linker stdout: 正在创建库 E:\persarb\nautilus_trader\target\nextest\deps\binance_spot_ws_data.lib 和对象 E:\persarb\nautilus_trader\target\nextest\deps\binance_spot_ws_data.exp
  |
  = note: `#[warn(linker_messages)]` on by default
  = note: the `linker_messages` lint ignores `-D warnings`

warning: `nautilus-binance` (bin "binance-spot-http-capture-fixtures") generated 1 warning
warning: `nautilus-binance` (bin "binance-spot-ws-data") generated 1 warning
warning: linker stdout: 正在创建库 E:\persarb\nautilus_trader\target\nextest\deps\entropy_account-6e468843d2864c82.lib 和对象 E:\persarb\nautilus_trader\target\nextest\deps\entropy_account-6e468843d2864c82.exp
  |
  = note: `#[warn(linker_messages)]` on by default
  = note: the `linker_messages` lint ignores `-D warnings`

warning: linker stdout: 正在创建库 E:\persarb\nautilus_trader\target\nextest\deps\nautilus_hyperliquid-02ddc497f0e0bb0d.lib 和对象 E:\persarb\nautilus_trader\target\nextest\deps\nautilus_hyperliquid-02ddc497f0e0bb0d.exp
  |
  = note: `#[warn(linker_messages)]` on by default
  = note: the `linker_messages` lint ignores `-D warnings`

warning: linker stdout: 正在创建库 E:\persarb\nautilus_trader\target\nextest\deps\spot-5c6590b6cabe5632.lib 和对象 E:\persarb\nautilus_trader\target\nextest\deps\spot-5c6590b6cabe5632.exp
  |
  = note: `#[warn(linker_messages)]` on by default
  = note: the `linker_messages` lint ignores `-D warnings`

warning: `nautilus-hyperliquid` (test "entropy_account") generated 1 warning
warning: linker stdout: 正在创建库 E:\persarb\nautilus_trader\target\nextest\deps\nautilus_binance-fe2cc5e2ea07ef12.lib 和对象 E:\persarb\nautilus_trader\target\nextest\deps\nautilus_binance-fe2cc5e2ea07ef12.exp
  |
  = note: `#[warn(linker_messages)]` on by default
  = note: the `linker_messages` lint ignores `-D warnings`

warning: `nautilus-hyperliquid` (lib test) generated 1 warning
warning: `nautilus-binance` (test "spot") generated 1 warning
warning: `nautilus-binance` (lib test) generated 1 warning
warning: linker stdout: 正在创建库 E:\persarb\nautilus_trader\target\nextest\deps\futures-89bc31830233d8b0.lib 和对象 E:\persarb\nautilus_trader\target\nextest\deps\futures-89bc31830233d8b0.exp
  |
  = note: `#[warn(linker_messages)]` on by default
  = note: the `linker_messages` lint ignores `-D warnings`

warning: `nautilus-binance` (test "futures") generated 1 warning
warning: linker stdout: 正在创建库 E:\persarb\nautilus_trader\target\nextest\deps\selected_scope-c23cd16123685453.lib 和对象 E:\persarb\nautilus_trader\target\nextest\deps\selected_scope-c23cd16123685453.exp
  |
  = note: `#[warn(linker_messages)]` on by default
  = note: the `linker_messages` lint ignores `-D warnings`

warning: `nautilus-aster` (test "selected_scope") generated 1 warning
warning: linker stdout: 正在创建库 E:\persarb\nautilus_trader\target\nextest\deps\nautilus_aster-13029d0434076b74.lib 和对象 E:\persarb\nautilus_trader\target\nextest\deps\nautilus_aster-13029d0434076b74.exp
  |
  = note: `#[warn(linker_messages)]` on by default
  = note: the `linker_messages` lint ignores `-D warnings`

warning: `nautilus-aster` (lib test) generated 1 warning
warning: linker stdout: 正在创建库 E:\persarb\nautilus_trader\target\nextest\deps\exec_client-399d71d1fa0ef85d.lib 和对象 E:\persarb\nautilus_trader\target\nextest\deps\exec_client-399d71d1fa0ef85d.exp
  |
  = note: `#[warn(linker_messages)]` on by default
  = note: the `linker_messages` lint ignores `-D warnings`

warning: `nautilus-aster` (test "exec_client") generated 1 warning
    Finished `nextest` profile [unoptimized] target(s) in 22.65s
     Running unittests src\lib.rs (E:/persarb/nautilus_trader/target\nextest\deps\nautilus_aster-13029d0434076b74.exe)

running 358 tests
test common::consts::tests::test_base_urls::case_2 ... ok
test common::consts::tests::test_base_urls::case_1 ... ok
test common::enums::tests::test_chain_id ... ok
test common::credential::tests::test_resolve_rejects_malformed_key ... ok
test common::credential::tests::test_resolve_without_key_errors_and_names_the_env_var ... ok
test common::credential::tests::test_resolve_accepts_checksummed_signer_address ... ok
test common::enums::tests::test_default_is_mainnet ... ok
test common::credential::tests::test_config_takes_precedence_over_environment ... ok
test common::credential::tests::test_resolve_from_environment_variable ... ok
test common::consts::tests::test_signed_endpoint_paths ... ok
test common::consts::tests::test_documented_request_weights ... ok
test common::credential::tests::test_resolve_treats_blank_values_as_absent::case_2 ... ok
test common::credential::tests::test_resolve_treats_blank_values_as_absent::case_1 ... ok
test common::credential::tests::test_resolve_rejects_mismatched_signer_address ... ok
test common::credential::tests::test_debug_redacts_private_key ... ok
test common::consts::tests::test_rate_limit_budgets ... ok
test common::enums::tests::test_display ... ok
test common::credential::tests::test_resolve_from_config_derives_addresses ... ok
test common::credential::tests::test_resolve_reads_addresses_from_environment ... ok
test execution::tests::default_private_invalidation_preserves_legacy_admission ... ok
test execution::tests::test_a_session_without_a_verified_mode_is_never_ready ... ok
test execution::tests::test_a_superseded_recovery_pass_cannot_publish_ready ... ok
test config::tests::test_exec_config_testnet_urls ... ok
test config::tests::test_exec_config_url_overrides ... ok
test config::tests::test_exec_config_blank_key_is_not_explicit ... ok
test common::consts::tests::test_venue_and_client_id ... ok
test config::tests::test_exec_config_debug_shows_absent_key_as_none ... ok
test config::tests::test_exec_config_debug_redacts_the_signer_key ... ok
test config::tests::test_exec_config_defaults ... ok
test config::tests::test_to_binance_testnet_urls ... ok
test config::tests::test_to_binance_honours_url_and_venue_overrides ... ok
test config::tests::test_validate_accepts_aster_load_ids ... ok
test config::tests::test_exec_config_validate_rejects_foreign_load_ids ... ok
test execution::tests::test_a_pending_fill_is_recovered_by_id_not_by_widening_the_window ... ok
test config::tests::test_validate_rejects_binance_load_ids ... ok
test config::tests::test_exec_config_validate_accepts_aster_load_ids ... ok
test execution::tests::reconnect_cannot_restore_a_superseded_selected_witness ... ok
test execution::tests::private_evidence_invalidates_selected_generation_and_witness ... ok
test config::tests::test_to_binance_defaults_to_mainnet_usdm_on_aster_venue ... ok
test execution::tests::test_a_pending_note_for_an_applied_fill_is_ignored ... ok
test execution::tests::selected_proof_expires_and_does_not_trust_future_receive_time ... ok
test config::tests::test_config_debug_redacts_authenticated_proxy_urls ... ok
test execution::tests::test_a_filled_status_is_withheld_when_the_trade_history_is_unavailable ... ok
test execution::tests::test_an_unfilled_status_is_published_even_without_the_trade_history ... ok
test config::tests::test_exec_config_serde_round_trip_keeps_the_key ... ok
test common::currency::tests::test_code_is_trimmed ... ok
test execution::tests::test_applied_trades_deduplicates_and_tracks_the_newest_time ... ok
test common::currency::tests::test_known_code_keeps_registered_definition ... ok
test common::currency::tests::test_unusable_code_falls_back_to_usdt::case_1 ... ok
test common::currency::tests::test_unknown_code_is_registered_as_crypto::case_1 ... ok
test common::currency::tests::test_unusable_code_falls_back_to_usdt::case_2 ... ok
test common::currency::tests::test_unknown_code_is_registered_as_crypto::case_2 ... ok
test execution::tests::test_a_clean_snapshot_can_raise_a_tightened_bound ... ok
test execution::tests::test_a_late_response_cannot_relax_a_newer_bound_or_clear_its_debt ... ok
test execution::tests::test_a_value_preserving_update_keeps_an_in_flight_response_from_clearing_the_debt ... ok
test execution::tests::test_base_quantity_orders_are_still_accepted ... ok
test execution::tests::test_build_limit_order_request ... ok
test execution::tests::test_build_market_order_request_omits_price_and_tif ... ok
test execution::tests::test_bad_unloaded_position_row_invalidates_flat_inference_for_loaded_symbols ... ok
test execution::tests::test_client_order_id_length_limit ... ok
test execution::tests::test_client_order_id_validation::case_1 ... ok
test execution::tests::test_client_order_id_validation::case_2 ... ok
test execution::tests::test_client_order_id_validation::case_3 ... ok
test execution::tests::test_client_order_id_validation::case_4 ... ok
test execution::tests::test_client_order_id_validation::case_5 ... ok
test execution::tests::test_client_order_id_validation::case_6 ... ok
test execution::tests::test_compensation_fill_retry_schedule_is_bounded ... ok
test execution::tests::test_compensation_never_reaches_behind_the_session_start ... ok
test execution::tests::test_default_ws_connect_timeout_exceeds_the_shared_binance_default ... ok
test execution::tests::test_instrument_index_replace_indexes_both_directions ... ok
test execution::tests::test_flat_row_is_added_for_an_instrument_the_venue_omitted ... ok
test execution::tests::test_existing_position_row_is_never_replaced_by_a_flat_one ... ok
test execution::tests::test_instrument_index_replace_one_updates_both_directions ... ok
test execution::tests::test_limit_order_with_quote_quantity_is_rejected_before_any_request ... ok
test execution::tests::test_market_order_params_omit_price_and_time_in_force ... ok
test execution::tests::test_market_order_with_quote_quantity_is_rejected_before_any_request ... ok
test execution::tests::test_order_fill_evidence_deduplicates_exact_quantity ... ok
test execution::tests::test_no_flat_row_without_activity ... ok
test execution::tests::test_owed_balance_refresh_survives_failures_and_clears_on_success ... ok
test execution::tests::test_order_request_parameter_order_matches_the_venue_example ... ok
test execution::tests::test_parse_account_balances_keeps_explicit_zero_rows ... ok
test execution::tests::test_partial_snapshot_establishes_the_debt_for_the_unknown_asset ... ok
test execution::tests::test_parse_account_balances_skips_unparsable_amounts ... ok
test execution::tests::test_pending_order_evidence_survives_until_resolution ... ok
test execution::tests::test_parse_account_balances_clamps_free_above_total ... ok
test execution::tests::test_parse_account_balances_registers_unknown_venue_assets ... ok
test execution::tests::test_post_only_maps_to_gtx ... ok
test execution::tests::test_position_snapshot_scope_excludes_unloaded_and_newly_loaded_instruments ... ok
test execution::tests::test_readiness_admits_only_risk_reducing_actions_when_degraded ... ok
test execution::tests::test_recorded_fill_is_not_offered_again ... ok
test execution::tests::test_reduce_only_is_forwarded ... ok
test execution::tests::test_report_acceptance_is_pulled_back_to_its_first_fill ... ok
test execution::tests::test_report_already_preceding_its_fills_is_left_alone ... ok
test execution::tests::test_report_without_fills_is_left_alone ... ok
test execution::tests::test_applied_trades_compacts_dense_ids_without_losing_membership ... ok
test execution::tests::test_rest_balance_without_available_is_unknown_not_total ... ok
test execution::tests::test_settlement_currency_is_usdt ... ok
test execution::tests::test_rest_balance_transition_to_zero_clears_the_cached_amount ... ok
test execution::tests::test_rest_snapshot_replaces_the_verified_reference ... ok
test execution::tests::test_stopping_readiness_admits_nothing_and_cannot_be_restored ... ok
test execution::tests::test_stream_account_update_registers_unknown_assets ... ok
test execution::tests::test_stream_account_update_without_balances_is_dropped ... ok
test execution::tests::test_stream_connect_does_not_retry_local_faults ... ok
test execution::tests::test_stream_balance_transition_to_zero_clears_the_cached_amount ... ok
test execution::tests::test_stream_connect_does_not_retry_venue_answers::case_1 ... ok
test execution::tests::test_stream_connect_does_not_retry_venue_answers::case_2 ... ok
test execution::tests::test_stream_connect_does_not_retry_venue_answers::case_3 ... ok
test execution::tests::test_stream_connect_does_not_retry_venue_answers::case_4 ... ok
test execution::tests::test_stream_connect_retries_transport_faults ... ok
test execution::tests::test_stream_connect_retry_schedule_is_bounded_and_increasing ... ok
test execution::tests::test_stream_update_carries_verified_available_through_a_wallet_change ... ok
test execution::tests::test_stream_update_merges_each_asset_row_independently ... ok
test execution::tests::test_stream_update_negative_wallet_never_raises_available ... ok
test execution::tests::test_stream_update_never_raises_available_with_cross_wallet_balance ... ok
test execution::tests::test_stream_update_stale_event_is_dropped ... ok
test execution::tests::test_a_pending_trade_stays_recoverable_alongside_a_long_history ... ok
test execution::tests::test_stream_update_without_verified_available_withholds_the_row ... ok
test execution::tests::test_accepted_fill_eviction_keeps_qty_and_degrades_readiness ... ok
test execution::tests::test_stream_update_zero_is_a_verified_zero ... ok
test execution::tests::test_stream_updates_only_tighten_the_available_bound ... ok
test execution::tests::test_supported_time_in_force::case_1 ... ok
test execution::tests::test_supported_time_in_force::case_2 ... ok
test execution::tests::test_supported_time_in_force::case_3 ... ok
test execution::tests::test_unsupported_order_type_is_rejected ... ok
test execution::tests::test_unsupported_time_in_force_is_rejected ... ok
test execution::tests::test_verified_history_rows_stay_pending_until_accepted ... ok
test execution::tests::test_with_commission_rates_replaces_the_venue_defaults ... ok
test factories::tests::test_aster_data_client_factory_creation ... ok
test factories::tests::test_aster_data_client_factory_rejects_wrong_config_type ... ok
test factories::tests::test_aster_exec_client_factory_metadata ... ok
test factories::tests::test_aster_exec_client_factory_rejects_foreign_load_ids ... ok
test factories::tests::test_aster_exec_client_factory_rejects_wrong_config_type ... ok
test factories::tests::test_aster_exec_client_factory_requires_a_signing_key ... ok
test execution::tests::test_order_fill_evidence_deduplicates_after_a_long_history ... ok
test http::client::tests::test_cooldown_for_status::case_01 ... ok
test http::client::tests::test_cooldown_for_status::case_02 ... ok
test http::client::tests::test_cooldown_for_status::case_04 ... ok
test http::client::tests::test_cooldown_for_status::case_03 ... ok
test http::client::tests::test_cooldown_for_status::case_05 ... ok
test http::client::tests::test_cooldown_for_status::case_07 ... ok
test http::client::tests::test_cancel_order_requires_an_identifier ... ok
test http::client::tests::test_all_orders_rejects_cursor_combined_with_a_time_window ... ok
test http::client::tests::test_await_cooldown_waits_for_the_armed_deadline ... ok
test http::client::tests::test_cooldown_for_status::case_06 ... ok
test factories::tests::test_aster_exec_client_honours_venue_override ... ok
test factories::tests::test_aster_exec_client_uses_aster_venue_and_margin_account ... ok
test factories::tests::test_aster_data_client_honours_venue_override ... ok
test factories::tests::test_aster_data_client_uses_aster_venue ... ok
test http::client::tests::test_cooldown_for_status::case_09 ... ok
test http::client::tests::test_client_recreation_keeps_signer_nonce_and_authority_cooldown ... ok
test http::client::tests::test_cooldown_for_status::case_10 ... ok
test http::client::tests::test_cooldown_for_status::case_08 ... ok
test factories::tests::selected_scope_factory_is_weak_bound_and_refuses_active_replacement ... ok
test http::client::tests::test_credential_accessors ... ok
test http::client::tests::test_cooldown_timeout_is_a_local_refusal ... ok
test http::client::tests::test_a_heavy_endpoint_exhausts_the_weight_budget_sooner_than_a_light_one ... ok
test http::client::tests::test_get_retries_transport_faults_then_succeeds ... ok
test http::client::tests::test_history_page_limits_match_the_venue_documentation ... ok
test http::client::tests::test_get_retry_is_bounded ... ok
test http::client::tests::test_get_does_not_retry_venue_error_bodies ... ok
test execution::tests::test_order_fill_evidence_accepts_a_late_lower_id_after_sparse_history ... ok
test http::client::tests::test_open_orders_weight_depends_on_the_symbol_filter ... ok
test http::client::tests::test_new_trims_trailing_slash_from_base_url ... ok
test http::client::tests::test_rate_limit_keys_repeat_the_global_key_once_per_weight_unit ... ok
test http::client::tests::test_rate_limit_quotas_cover_requests_and_orders ... ok
test http::client::tests::test_request_weight_matches_the_documented_table::case_02 ... ok
test http::client::tests::test_request_weight_matches_the_documented_table::case_03 ... ok
test http::client::tests::test_request_weight_matches_the_documented_table::case_04 ... ok
test http::client::tests::test_request_weight_matches_the_documented_table::case_05 ... ok
test http::client::tests::test_request_weight_matches_the_documented_table::case_06 ... ok
test http::client::tests::test_request_weight_matches_the_documented_table::case_01 ... ok
test http::client::tests::test_query_order_requires_an_identifier ... ok
test http::client::tests::test_concurrent_clones_sign_with_distinct_nonces ... ok
test http::client::tests::test_request_weight_matches_the_documented_table::case_07 ... ok
test http::client::tests::test_request_weight_matches_the_documented_table::case_08 ... ok
test http::client::tests::test_request_weight_matches_the_documented_table::case_09 ... ok
test http::client::tests::test_request_weight_matches_the_documented_table::case_10 ... ok
test http::client::tests::test_signed_payload_prefixes_auth_triple_in_order ... ok
test http::client::tests::test_unauthenticated_client_cannot_sign ... ok
test http::client::tests::test_signed_payload_nonce_is_strictly_increasing_across_clones ... ok
test http::error::tests::test_auth_failure_classification::case_1 ... ok
test http::client::tests::test_signed_payload_signature_verifies_against_the_signed_prefix ... ok
test http::error::tests::test_auth_failure_classification::case_2 ... ok
test http::error::tests::test_auth_failure_classification::case_3 ... ok
test http::error::tests::test_auth_failure_classification::case_4 ... ok
test http::error::tests::test_binance_invalid_timestamp_code_is_not_an_aster_auth_failure ... ok
test http::error::tests::test_display_formats_code_and_message ... ok
test http::error::tests::test_execution_status_unknown_codes_are_not_rejections::case_1 ... ok
test http::client::tests::test_user_trades_rejects_cursor_combined_with_a_time_window ... ok
test http::error::tests::test_execution_status_unknown_codes_are_not_rejections::case_2 ... ok
test http::error::tests::test_execution_status_unknown_codes_are_still_not_retried ... ok
test execution::tests::test_terminal_trade_cache_eviction_does_not_create_recovery_debt ... ok
test http::error::tests::test_http_client_error_conversion_preserves_kind ... ok
test http::error::tests::test_insufficient_funds_and_min_notional_and_post_only ... ok
test http::error::tests::test_local_and_http_status_failures_are_not_retryable ... ok
test http::error::tests::test_local_failures_are_not_ambiguous ... ok
test execution::tests::test_terminal_eviction_becomes_debt_only_when_a_status_needs_missing_ids ... ok
test http::error::tests::test_nonce_expired_body_is_an_auth_failure ... ok
test http::error::tests::test_rate_limit_classification ... ok
test http::error::tests::test_status_is_rendered_alongside_the_code ... ok
test http::error::tests::test_structured_body_under_a_server_status_is_ambiguous::case_1 ... ok
test http::error::tests::test_structured_body_under_a_server_status_is_ambiguous::case_2 ... ok
test http::error::tests::test_structured_body_under_a_server_status_is_ambiguous::case_3 ... ok
test http::client::tests::test_cleanup_queries_do_not_wait_behind_the_ordinary_budget::case_1 ... ok
test http::error::tests::test_structured_body_under_a_server_status_is_ambiguous::case_4 ... ok
test http::client::tests::test_cleanup_queries_do_not_wait_behind_the_ordinary_budget::case_2 ... ok
test http::error::tests::test_structured_body_under_a_server_status_is_ambiguous::case_5 ... ok
test http::error::tests::test_structured_body_under_a_server_status_is_ambiguous::case_6 ... ok
test http::error::tests::test_transport_errors_are_not_venue_rejections ... ok
test http::error::tests::test_transport_errors_are_retryable ... ok
test http::error::tests::test_undecodable_response_body_is_ambiguous ... ok
test http::error::tests::test_unexpected_status_ambiguity_follows_the_status_class::case_1 ... ok
test http::error::tests::test_unexpected_status_ambiguity_follows_the_status_class::case_2 ... ok
test http::client::tests::test_unexpected_status_body_is_truncated ... ok
test http::error::tests::test_unexpected_status_ambiguity_follows_the_status_class::case_3 ... ok
test http::error::tests::test_unexpected_status_ambiguity_follows_the_status_class::case_5 ... ok
test http::error::tests::test_unexpected_status_ambiguity_follows_the_status_class::case_4 ... ok
test execution::tests::test_terminal_duplicate_is_safe_after_trade_cache_eviction ... ok
test http::error::tests::test_unexpected_status_ambiguity_follows_the_status_class::case_6 ... ok
test http::error::tests::test_unknown_order_classification::case_2 ... ok
test http::error::tests::test_unknown_order_classification::case_1 ... ok
test http::error::tests::test_unexpected_status_ambiguity_follows_the_status_class::case_7 ... ok
test http::error::tests::test_venue_error_bodies_are_not_retryable::case_1 ... ok
test http::error::tests::test_venue_error_bodies_are_not_retryable::case_3 ... ok
test http::error::tests::test_venue_error_bodies_are_not_retryable::case_2 ... ok
test http::error::tests::test_venue_error_bodies_are_not_retryable::case_4 ... ok
test http::error::tests::test_venue_rejection_classification::case_01 ... ok
test http::error::tests::test_venue_rejection_classification::case_02 ... ok
test http::error::tests::test_venue_rejection_classification::case_03 ... ok
test http::error::tests::test_venue_rejection_classification::case_04 ... ok
test http::error::tests::test_venue_rejection_classification::case_05 ... ok
test http::error::tests::test_venue_rejection_classification::case_06 ... ok
test http::error::tests::test_venue_rejection_classification::case_07 ... ok
test http::error::tests::test_venue_rejection_classification::case_08 ... ok
test http::error::tests::test_venue_rejection_classification::case_09 ... ok
test http::error::tests::test_venue_rejection_classification::case_10 ... ok
test http::error::tests::test_venue_rejection_classification::case_11 ... ok
test http::error::tests::test_venue_rejection_classification::case_12 ... ok
test http::models::tests::test_balance_without_available_reports_unknown ... ok
test http::models::tests::test_commission_asset_unknown_to_nautilus_does_not_panic ... ok
test http::models::tests::test_deserialize_cancel_all_orders_rejects_non_numeric_code ... ok
test http::models::tests::test_deserialize_cancel_all_orders_with_numeric_code ... ok
test http::models::tests::test_deserialize_cancel_all_orders_with_string_code ... ok
test http::models::tests::test_deserialize_balances_with_string_update_time ... ok
test http::models::tests::test_deserialize_commission_rate ... ok
test http::models::tests::test_deserialize_cancel_order_response_with_string_scalars ... ok
test http::models::tests::test_deserialize_error_response ... ok
test http::models::tests::test_deserialize_listen_key_and_position_mode ... ok
test http::models::tests::test_deserialize_open_orders ... ok
test http::models::tests::test_deserialize_order ... ok
test http::models::tests::test_deserialize_position_risk ... ok
test http::models::tests::test_deserialize_testnet_balance_with_unknown_assets ... ok
test http::models::tests::test_expired_in_match_follows_the_expired_mapping ... ok
test http::models::tests::test_deserialize_user_trades_and_fill_report ... ok
test http::models::tests::test_expired_status_mapping::case_1 ... ok
test http::models::tests::test_expired_status_mapping::case_2 ... ok
test http::models::tests::test_fill_report_falls_back_to_settlement_currency ... ok
test http::models::tests::test_millis_to_nanos_saturates_instead_of_overflowing ... ok
test http::models::tests::test_order_report_acceptance_never_follows_its_last_update ... ok
test http::models::tests::test_order_to_order_status_report ... ok
test http::models::tests::test_order_type_mapping::case_01 ... ok
test http::models::tests::test_order_to_order_status_report_marks_post_only_for_gtx ... ok
test http::models::tests::test_order_type_mapping::case_02 ... ok
test http::models::tests::test_order_type_mapping::case_03 ... ok
test http::models::tests::test_order_type_mapping::case_04 ... ok
test http::models::tests::test_order_type_mapping::case_05 ... ok
test http::models::tests::test_order_type_mapping::case_06 ... ok
test http::models::tests::test_order_type_mapping::case_07 ... ok
test http::models::tests::test_order_type_mapping::case_08 ... ok
test http::models::tests::test_order_type_mapping::case_09 ... ok
test http::models::tests::test_order_type_mapping::case_10 ... ok
test http::models::tests::test_parse_helpers_report_the_offending_field ... ok
test http::models::tests::test_position_risk_reports_a_flat_quantity_as_zero ... ok
test http::models::tests::test_position_risk_unparsable_quantity_is_an_error ... ok
test http::models::tests::test_pending_cancel_status_is_preserved ... ok
test http::models::tests::test_time_in_force_mapping::case_1 ... ok
test http::models::tests::test_time_in_force_mapping::case_2 ... ok
test http::models::tests::test_time_in_force_mapping::case_3 ... ok
test http::models::tests::test_time_in_force_mapping::case_4 ... ok
test http::models::tests::test_unparsable_balance_is_unknown_rather_than_zero ... ok
test http::models::tests::test_unrecognised_status_is_not_reported_as_accepted ... ok
test http::models::tests::test_venue_liquidation_statuses_report_as_filled::case_1 ... ok
test http::models::tests::test_zero_wallet_balance_with_available_funds_is_not_zero ... ok
test http::models::tests::test_venue_liquidation_statuses_report_as_filled::case_2 ... ok
test http::query::tests::test_builder_preserves_insertion_order ... ok
test http::query::tests::test_duplicate_keys_are_preserved_in_order ... ok
test http::query::tests::test_into_entries_returns_the_ordered_pairs ... ok
test http::query::tests::test_optional_parameters_are_skipped_when_none ... ok
test http::query::tests::test_new_is_empty ... ok
test scope::tests::selected_decimal_accepts_exact_original_values::case_1 ... ok
test scope::tests::selected_decimal_accepts_exact_original_values::case_2 ... ok
test scope::tests::selected_decimal_accepts_exact_original_values::case_3 ... ok
test scope::tests::selected_decimal_accepts_exact_original_values::case_5 ... ok
test scope::tests::selected_decimal_accepts_exact_original_values::case_4 ... ok
test scope::tests::selected_decimal_rejects_rounding_underflow_and_unsupported_grammar::case_01 ... ok
test scope::tests::selected_decimal_rejects_rounding_underflow_and_unsupported_grammar::case_02 ... ok
test scope::tests::selected_decimal_rejects_rounding_underflow_and_unsupported_grammar::case_03 ... ok
test scope::tests::selected_decimal_rejects_rounding_underflow_and_unsupported_grammar::case_04 ... ok
test scope::tests::selected_decimal_rejects_rounding_underflow_and_unsupported_grammar::case_05 ... ok
test scope::tests::selected_decimal_rejects_rounding_underflow_and_unsupported_grammar::case_07 ... ok
test scope::tests::selected_decimal_rejects_rounding_underflow_and_unsupported_grammar::case_08 ... ok
test scope::tests::selected_decimal_rejects_rounding_underflow_and_unsupported_grammar::case_06 ... ok
test scope::tests::selected_decimal_rejects_rounding_underflow_and_unsupported_grammar::case_09 ... ok
test scope::tests::selected_decimal_rejects_rounding_underflow_and_unsupported_grammar::case_10 ... ok
test scope::tests::selected_decimal_rejects_rounding_underflow_and_unsupported_grammar::case_11 ... ok
test scope::tests::selected_decimal_rejects_rounding_underflow_and_unsupported_grammar::case_12 ... ok
test scope::tests::strict_policy_accepts_exact_finite_scope ... ok
test scope::tests::strict_policy_rejects_invalid_numeric_age::case_1 ... ok
test scope::tests::strict_policy_rejects_invalid_numeric_age::case_2 ... ok
test scope::tests::strict_policy_rejects_invalid_numeric_age::case_3 ... ok
test scope::tests::strict_policy_rejects_invalid_numeric_age::case_4 ... ok
test scope::tests::strict_policy_rejects_invalid_numeric_age::case_5 ... ok
test scope::tests::strict_policy_rejects_unknown_or_duplicate_scope::case_1 ... ok
test scope::tests::strict_policy_rejects_unknown_or_duplicate_scope::case_2 ... ok
test scope::tests::strict_policy_rejects_unknown_or_duplicate_scope::case_3 ... ok
test scope::tests::strict_policy_rejects_unknown_or_duplicate_scope::case_4 ... ok
test signing::tests::test_build_param_string_empty ... ok
test signing::tests::test_build_param_string_preserves_insertion_order_and_encodes_values ... ok
test signing::tests::test_address_derived_from_private_key ... ok
test signing::tests::test_encode_uri_component::case_1 ... ok
test signing::tests::test_encode_uri_component::case_2 ... ok
test signing::tests::test_debug_does_not_leak_private_key ... ok
test signing::tests::test_encode_uri_component::case_3 ... ok
test signing::tests::test_chain_ids_follow_environment ... ok
test signing::tests::test_encode_uri_component::case_5 ... ok
test signing::tests::test_encode_uri_component::case_6 ... ok
test signing::tests::test_encode_uri_component::case_4 ... ok
test signing::tests::test_encode_uri_component::case_7 ... ok
test signing::tests::test_encode_uri_component::case_8 ... ok
test signing::tests::test_encode_uri_component_matches_ccxt_order_id_list_fixture ... ok
test signing::tests::test_nonce_generator_is_strictly_increasing_when_clock_stalls ... ok
test signing::tests::test_nonce_generator_returns_microseconds ... ok
test signing::tests::test_signer_rejects_invalid_key ... ok
test signing::tests::test_signer_accepts_key_without_0x_prefix ... ok
test signing::tests::test_sign_params_appends_signature_to_param_string ... ok
test signing::tests::test_signature_layout_is_65_bytes_with_recovery_id ... ok
test websocket::tests::test_debug_does_not_leak_the_signing_key ... ok
test signing::tests::test_signature_depends_on_chain_id ... ok
test websocket::tests::test_debug_of_a_session_without_a_key_reports_none ... ok
test websocket::tests::test_debug_redacts_the_listen_key ... ok
test websocket::tests::test_user_stream_url_appends_listen_key_as_path_segment ... ok
test websocket::tests::test_new_client_has_no_session ... ok
test websocket::tests::test_user_stream_url_does_not_use_the_binance_query_form ... ok
test websocket::tests::test_user_stream_url_for_testnet ... ok
test websocket::tests::test_keepalive_without_session_is_a_noop ... ok
test websocket::tests::test_user_stream_url_normalises_trailing_slash ... ok
test signing::tests::test_sign_param_string_matches_reference_vectors ... ok
test http::client::tests::test_rate_limited_response_holds_later_requests_without_resending ... ok
test http::client::tests::test_new_cooldown_refuses_an_already_queued_request ... ok
test http::client::tests::test_submit_admission_runs_after_the_order_quota_wait ... ok
test http::client::tests::test_signed_payload_is_built_after_the_quota_wait ... ok
test http::client::tests::test_get_retry_backoff_uses_the_original_request_budget ... ok
test http::client::tests::test_timeout_after_dispatch_keeps_the_post_unknown ... ok
test http::client::tests::test_quota_timeout_is_local_and_never_resends_a_post ... ok
test http::client::tests::test_independent_clients_share_the_account_order_budget ... ok
test http::client::tests::test_priority_query_still_waits_for_the_full_global_budget::case_2 ... ok
test http::client::tests::test_independent_clients_share_the_authority_request_budget ... ok
test http::client::tests::test_priority_query_still_waits_for_the_full_global_budget::case_1 ... ok

test result: ok. 358 passed; 0 failed; 0 ignored; 0 measured; 0 filtered out; finished in 1.03s

     Running tests\exec_client.rs (E:/persarb/nautilus_trader/target\nextest\deps\exec_client-399d71d1fa0ef85d.exe)

running 99 tests
test review_round4_hedge_mode_account_is_rejected_at_connect ... ok
test review_round4_unconfirmed_position_mode_fails_the_connect::case_2 ... ok
test review_round4_initial_unverified_balance_fails_connect_after_publishing_verified_rows ... ok
test review_round4_unconfirmed_position_mode_fails_the_connect::case_1 ... ok
test review_round4_unparsable_open_order_row_denies_new_risk ... ok
test review_round3_account_fee_registry_leaks_between_clients ... ok
test review_round2_mass_status_keeps_fill_for_order_created_before_window ... ok
test review_round2_data_request_preserves_verified_fees ... ok
test review_round4_unsupported_position_mode_endpoint_denies_new_risk ... ok
test review_round4_explicit_exemption_admits_new_risk_with_an_unconfirmed_mode ... ok
test review_round4_stop_denies_new_risk_until_a_new_session_is_verified ... ok
test review_round4_malformed_order_update_denies_new_risk ... ok
test review_round5_failed_execution_send_keeps_real_fill_recoverable ... ok
test test_a_failed_rate_query_does_not_leave_an_earlier_rate_applied ... ok
test review_round5_rest_zero_fill_clears_malformed_stream_debt_without_reconnect ... ok
test review_round4_stop_connect_keeps_pending_trade_debt_unready ... ok
test test_cancel_all_orders_without_a_side_uses_the_symbol_wide_endpoint ... ok
test test_commission_rate_failure_leaves_the_venue_default_unpublished ... ok
test review_round4_cancel_reports_only_a_definitive_refusal::case_1 ... ok
test review_round4_ambiguous_cancel_failure_awaits_reconciliation ... ok
test review_round4_cancel_reports_only_a_definitive_refusal::case_2 ... ok
test review_round4_cancel_prefers_the_venue_order_id::case_2 ... ok
test review_round4_cancel_prefers_the_venue_order_id::case_1 ... ok
test review_round4_cancel_all_for_a_side_reports_a_refusal_per_order ... ok
test review_round2_structured_503_must_not_reject_live_order ... ok
test test_connect_fails_when_the_first_user_stream_cannot_start ... ok
test test_connect_does_not_retry_a_venue_answer_on_the_first_user_stream ... ok
test test_cancel_all_orders_with_a_side_and_no_match_sends_nothing ... ok
test test_cancel_all_orders_with_a_side_cancels_only_that_side::case_1 ... ok
test test_connect_publishes_instruments_with_the_account_commission_rates ... ok
test test_connect_waits_for_the_user_stream_before_reporting_connected ... ok
test test_complete_position_snapshot_reports_omitted_loaded_symbols_as_flat::case_1 ... ok
test test_complete_position_snapshot_reports_omitted_loaded_symbols_as_flat::case_2 ... ok
test test_cancel_all_orders_with_a_side_cancels_only_that_side::case_2 ... ok
test test_generate_fill_reports_propagates_a_failed_symbol_request ... ok
test test_fill_report_pagination_stops_on_an_empty_history ... ok
test test_flat_account_with_pre_session_history_reconciles_without_complaint ... ok
test test_generate_fill_reports_propagates_an_unparsable_commission ... ok
test test_fill_reports_page_past_the_venue_limit_and_deduplicate ... ok
test test_generate_position_status_reports_allows_an_unparsable_flat_entry_price ... ok
test test_generate_order_status_reports_propagates_a_failed_request ... ok
test test_generate_position_status_reports_propagates_an_unparsable_non_flat_entry_price ... ok
test test_generate_position_status_reports_propagates_an_unparsable_quantity ... ok
test test_definitive_venue_rejection_emits_order_rejected_immediately ... ok
test review_round5_pending_evidence_survives_stop_and_connect ... ok
test review_round3_unlinked_startup_fill_remains_recoverable ... ok
test review_round2_failed_fill_report_does_not_consume_recovery_trade ... ok
test test_order_status_reports_page_past_the_venue_limit ... ok
test review_round4_queued_submit_is_denied_after_the_stream_drops ... ok
test review_round4_reconnect_after_disconnect_restores_a_working_session ... ok
test review_round2_reconnect_preserves_real_trade_economics ... ok
test review_round4_unparsable_position_row_keeps_recovery_degraded ... ok
test test_compensation_ignores_fills_from_before_the_session_started ... ok
test test_quote_quantity_order_is_denied_without_reaching_the_venue::case_1 ... ok
test test_quote_quantity_order_is_denied_without_reaching_the_venue::case_2 ... ok
test review_round4_open_order_status_is_withheld_while_its_fills_are ... ok
test review_round4_uncovered_fills_are_withheld_until_their_order_answers ... ok
test test_compensation_reports_the_order_together_with_its_fills ... ok
test review_round5_filtered_mass_fill_stays_recoverable ... ok
test test_reconciliation_paths_emit_reports_not_order_events ... ok
test test_outage_compensation_applies_a_fill_and_a_cancel_missed_by_the_stream ... ok
test test_owed_balance_timer_relaxes_bound_after_quiet_stream ... ok
test test_rest_zero_balance_clears_the_cached_amount ... ok
test test_startup_reconciliation_of_historical_fills_is_accepted_by_the_engine ... ok
test test_owed_balance_timer_retries_failure_without_stream_messages ... ok
test test_outage_compensation_does_not_reapply_a_fill_already_seen_on_the_stream ... ok
test review_round5_ambiguous_submit_full_fill_reaches_engine_once ... ok
test review_round4_successful_recovery_restores_new_risk ... ok
test test_unlinkable_fill_is_kept_and_the_snapshot_declared_incomplete ... ok
test test_startup_reconciliation_fills_remain_recoverable_until_consumed ... ok
test test_stream_zero_balance_clears_the_cached_amount ... ok
test test_gateway_failure_on_submit_is_reconciled_rather_than_rejected ... ok
test test_reconnect_flat_after_real_close_preserves_trade_ids_and_fees_once::case_1 ... ok
test test_reconnect_flat_after_real_close_preserves_trade_ids_and_fees_once::case_2 ... ok
test test_reconnect_reports_flat_for_a_position_omitted_after_external_close ... ok
test review_round4_socket_loss_invalidates_before_reconnect ... ok
test test_client_side_timeout_on_submit_is_reconciled_rather_than_rejected ... ok
test test_repeated_compensation_does_not_duplicate_a_recovered_fill ... ok
test review_round4_a_pending_trade_does_not_replay_the_long_history ... ok
test test_incomplete_reconnect_snapshot_never_infers_flat::case_1 ... ok
test test_incomplete_reconnect_snapshot_never_infers_flat::case_2 ... ok
test test_incomplete_reconnect_snapshot_never_infers_flat::case_4 ... ok
test test_incomplete_reconnect_snapshot_never_infers_flat::case_3 ... ok
test test_incomplete_reconnect_snapshot_never_infers_flat::case_5 ... ok
test test_unknown_execution_status_is_reconciled_rather_than_rejected::case_1 ... ok
test test_incomplete_reconnect_snapshot_never_infers_flat::case_6 ... ok
test test_unknown_execution_status_is_reconciled_rather_than_rejected::case_2 ... ok
test test_unknown_execution_status_rejects_only_when_the_venue_never_saw_the_order ... ok
test review_round4_failed_recovery_keeps_new_risk_denied ... ok
test review_round4_unverified_owed_balance_degrades_until_recovery ... ok
test test_connect_retries_a_transport_fault_on_the_first_user_stream ... ok
test test_failed_balance_verification_preserves_available_and_degrades_readiness ... ok
test test_listen_key_expiry_rebuilds_the_session_and_compensates ... ok
test review_round3_failed_fill_compensation_preserves_eventual_real_economics ... ok
test test_reconnect_with_fill_debt_never_infers_flat ... ok
test review_round4_queued_submit_is_denied_after_recovery_reclaims_readiness ... ok
test review_round4_unconfirmed_mode_survives_recovery ... ok
test test_a_delayed_snapshot_cannot_clear_the_debt_a_newer_stream_row_raised ... ok
test test_stream_updates_within_the_window_cost_one_snapshot_read ... ok

test result: ok. 99 passed; 0 failed; 0 ignored; 0 measured; 0 filtered out; finished in 7.21s

     Running tests\selected_scope.rs (E:/persarb/nautilus_trader/target\nextest\deps\selected_scope-c23cd16123685453.exe)

running 35 tests
test incomplete_balance_never_grants_new_risk::case_6 ... ok
test incomplete_balance_never_grants_new_risk::case_1 ... ok
test incomplete_selected_positions_never_prove_flat::case_2 ... ok
test unrepresentable_original_position_never_becomes_verified_zero::case_1 ... ok
test unrepresentable_original_position_never_becomes_verified_zero::case_2 ... ok
test incomplete_selected_positions_never_prove_flat::case_6 ... ok
test incomplete_balance_never_grants_new_risk::case_4 ... ok
test unrepresentable_original_position_never_becomes_verified_zero::case_3 ... ok
test incomplete_balance_never_grants_new_risk::case_5 ... ok
test incomplete_selected_positions_never_prove_flat::case_4 ... ok
test incomplete_selected_positions_never_prove_flat::case_5 ... ok
test incomplete_selected_positions_never_prove_flat::case_3 ... ok
test incomplete_balance_never_grants_new_risk::case_3 ... ok
test incomplete_selected_positions_never_prove_flat::case_1 ... ok
test incomplete_balance_never_grants_new_risk::case_2 ... ok
test dropping_connected_client_immediately_detaches_diagnostics_without_polling_tasks ... ok
test raw_private_ingress_revokes_scope_even_when_typed_decoder_drops_it::case_1 ... ok
test actual_private_socket_loss_revokes_selected_scope ... ok
test raw_private_ingress_revokes_scope_even_when_typed_decoder_drops_it::case_4 ... ok
test raw_private_ingress_revokes_scope_even_when_typed_decoder_drops_it::case_2 ... ok
test final_dispatch_consumes_one_witness_and_second_order_is_denied ... ok
test raw_private_ingress_revokes_scope_even_when_typed_decoder_drops_it::case_3 ... ok
test position_only_private_change_revokes_proof_then_full_query_restores_current_scope ... ok
test selected_separated_batches_publish_in_actual_time_order_despite_reverse_order_ids ... ok
test written_rejection_consumes_scope_and_never_resends::case_3 ... ok
test written_rejection_consumes_scope_and_never_resends::case_2 ... ok
test written_rejection_consumes_scope_and_never_resends::case_1 ... ok
test stale_witness_refuses_order_without_network_submission ... ok
test in_flight_refresh_cannot_borrow_newer_private_generation ... ok
test later_selected_partial_order_cannot_certify_unobserved_cumulative_fills ... ok
test full_normal_factory_proof_preserves_selected_receive_origin ... ok
test timed_out_write_remains_untrusted_and_is_not_resent ... ok
test late_targeted_actual_order_fill_keeps_selected_chronology_debt_sticky ... ok
test selected_ambiguous_atomic_history_stays_in_debt_across_normal_queries::case_1 ... ok
test selected_ambiguous_atomic_history_stays_in_debt_across_normal_queries::case_2 ... ok

test result: ok. 35 passed; 0 failed; 0 ignored; 0 measured; 0 filtered out; finished in 12.17s

     Running unittests src\lib.rs (E:/persarb/nautilus_trader/target\nextest\deps\nautilus_binance-fe2cc5e2ea07ef12.exe)

running 977 tests
test arrow::bar::tests::test_get_schema ... ok
test common::consts::tests::test_spot_sbe_ws_api_urls_use_current_schema::case_2 ... ok
test common::consts::tests::test_venue_error_code_values ... ok
test common::credential::tests::test_debug_redacts_secret ... ok
test common::credential::tests::test_ed25519_rejects_raw_32_byte_seed ... ok
test common::credential::tests::test_sign_matches_binance_test_vector_simple ... ok
test common::credential::tests::test_ed25519_matches_rfc_8032_vector ... ok
test common::encoder::tests::test_base62_roundtrip_max_72_bit ... ok
test common::encoder::tests::test_civil_time_roundtrip ... ok
test common::credential::tests::test_ed25519_debug_redacts_secret ... ok
test common::encoder::tests::test_decode_client_order_id_rejects_invalid_input::case_1_empty ... ok
test common::credential::tests::test_canonical_ws_query_string_preserves_urlencoding ... ok
test common::encoder::tests::test_decode_client_order_id_rejects_invalid_input::case_5_missing_raw_payload ... ok
test common::credential::tests::test_sign_matches_binance_test_vector_order ... ok
test common::credential::tests::test_signing_credential_autodetect_falls_back_to_hmac_on_binance_secret ... ok
test common::encoder::tests::test_base62_roundtrip_max_128_bit ... ok
test common::encoder::tests::test_base62_roundtrip_zero ... ok
test common::encoder::tests::test_broker_prefix_format ... ok
test common::credential::tests::test_canonical_ws_query_string_is_key_sorted_regardless_of_input_order ... ok
test common::encoder::tests::test_decode_different_prefix_returns_as_is ... ok
test common::encoder::tests::test_decode_client_order_id_rejects_invalid_input::case_3_non_ascii ... ok
test common::credential::tests::test_ed25519_rejects_binance_hmac_secret ... ok
test common::consts::tests::test_spot_sbe_ws_api_urls_use_current_schema::case_1 ... ok
test common::encoder::tests::test_decode_client_order_id_rejects_invalid_input::case_6_invalid_o_payload ... ok
test common::encoder::tests::test_decode_client_order_id_rejects_invalid_input::case_7_unknown_signal ... ok
test common::encoder::tests::test_decode_non_prefixed_returns_as_is ... ok
test common::encoder::tests::test_decode_client_order_id_rejects_invalid_input::case_4_missing_signal ... ok
test common::consts::tests::test_spot_sbe_ws_api_urls_use_current_schema::case_3 ... ok
test common::encoder::tests::test_decode_client_order_id_rejects_invalid_input::case_2_whitespace ... ok
test common::encoder::tests::test_o_format_trader_overflow_sends_without_prefix ... ok
test common::encoder::tests::test_roundtrip_o_format_with_hyphens::case_1 ... ok
test common::encoder::tests::test_decode_client_order_id_preserves_valid_legacy_id ... ok
test common::encoder::tests::test_end_to_end_submit_and_receive::case_6 ... ok
test common::encoder::tests::test_end_to_end_submit_and_receive::case_7 ... ok
test common::encoder::tests::test_roundtrip_o_format_with_hyphens::case_3 ... ok
test common::encoder::tests::test_encoded_chars_are_binance_valid ... ok
test common::encoder::tests::test_o_format_always_25_chars ... ok
test common::encoder::tests::test_roundtrip_o_format_with_hyphens::case_7 ... ok
test common::encoder::tests::test_decode_client_order_id_preserves_valid_prefixed_id ... ok
test common::encoder::tests::test_roundtrip_o_format_without_hyphens::case_1 ... ok
test common::encoder::tests::test_raw_passthrough_max_length ... ok
test common::encoder::tests::test_end_to_end_submit_and_receive::case_3 ... ok
test common::encoder::tests::test_raw_passthrough_short_id ... ok
test common::encoder::tests::test_end_to_end_submit_and_receive::case_5 ... ok
test common::encoder::tests::test_roundtrip_o_format_with_hyphens::case_8 ... ok
test common::encoder::tests::test_roundtrip_o_format_with_hyphens::case_5 ... ok
test common::encoder::tests::test_end_to_end_submit_and_receive::case_1 ... ok
test common::encoder::tests::test_roundtrip_o_format_without_hyphens::case_2 ... ok
test common::encoder::tests::test_o_format_count_overflow_sends_without_prefix ... ok
test common::encoder::tests::test_roundtrip_o_format_with_hyphens::case_2 ... ok
test common::encoder::tests::test_end_to_end_submit_and_receive::case_2 ... ok
test common::encoder::tests::test_end_to_end_submit_and_receive::case_4 ... ok
test common::encoder::tests::test_roundtrip_o_format_with_hyphens::case_6 ... ok
test common::encoder::tests::test_roundtrip_o_format_with_hyphens::case_4 ... ok
test common::bar::tests::test_type_name ... ok
test common::bar::tests::test_taker_sell_quote_volume ... ok
test arrow::bar::tests::test_encode_decode_round_trip ... ok
test arrow::bar::tests::test_encode_decode_multiple_bars ... ok
test arrow::bar::tests::test_decode_data_batch_returns_custom_data ... ok
test common::bar::tests::test_json_round_trip ... ok
test common::encoder::tests::test_roundtrip_o_format_without_hyphens::case_3 ... ok
test common::encoder::tests::test_roundtrip_uuid_all_f ... ok
test common::encoder::tests::test_roundtrip_uuid_all_zeros ... ok
test common::encoder::tests::test_roundtrip_uuid_with_hyphens ... ok
test common::encoder::tests::test_roundtrip_uuid_without_hyphens ... ok
test common::encoder::tests::test_too_long_id_sends_without_prefix ... ok
test common::encoder::tests::test_uuid_always_34_chars ... ok
test common::enums::tests::test_contract_status_trading_halt_deserializes_and_maps ... ok
test common::enums::tests::test_margin_type_serde_roundtrip::case_1 ... ok
test common::enums::tests::test_margin_type_serde_roundtrip::case_2 ... ok
test common::enums::tests::test_margin_type_unknown_fallback ... ok
test common::enums::tests::test_price_match_deserializes::case_01 ... ok
test common::enums::tests::test_price_match_deserializes::case_02 ... ok
test common::enums::tests::test_price_match_deserializes::case_03 ... ok
test common::enums::tests::test_price_match_deserializes::case_04 ... ok
test common::enums::tests::test_price_match_deserializes::case_05 ... ok
test common::enums::tests::test_price_match_deserializes::case_06 ... ok
test common::enums::tests::test_price_match_deserializes::case_07 ... ok
test common::enums::tests::test_price_match_deserializes::case_08 ... ok
test common::enums::tests::test_price_match_deserializes::case_09 ... ok
test common::enums::tests::test_price_match_deserializes::case_10 ... ok
test common::enums::tests::test_price_match_from_param_invalid::case_1 ... ok
test common::enums::tests::test_price_match_from_param_invalid::case_2 ... ok
test common::enums::tests::test_price_match_from_param_invalid::case_3 ... ok
test common::enums::tests::test_price_match_from_param_valid::case_1 ... ok
test common::enums::tests::test_price_match_from_param_valid::case_3 ... ok
test common::enums::tests::test_price_match_from_param_valid::case_2 ... ok
test common::enums::tests::test_price_match_from_param_valid::case_4 ... ok
test common::enums::tests::test_price_match_from_param_valid::case_5 ... ok
test common::enums::tests::test_price_match_from_param_valid::case_6 ... ok
test common::enums::tests::test_price_match_serializes::case_1 ... ok
test common::enums::tests::test_price_match_serializes::case_2 ... ok
test common::enums::tests::test_price_match_serializes::case_3 ... ok
test common::enums::tests::test_price_match_serializes::case_4 ... ok
test common::enums::tests::test_price_match_serializes::case_5 ... ok
test common::enums::tests::test_price_match_serializes::case_6 ... ok
test common::enums::tests::test_price_match_serializes::case_7 ... ok
test common::enums::tests::test_price_match_serializes::case_8 ... ok
test common::enums::tests::test_price_match_serializes::case_9 ... ok
test common::enums::tests::test_product_type_as_str ... ok
test common::enums::tests::test_product_type_predicates ... ok
test common::enums::tests::test_product_type_suffix ... ok
test common::enums::tests::test_rate_limit_enums_serialize_to_binance_strings ... ok
test common::enums::tests::test_rate_limit_interval_deserializes::case_1 ... ok
test common::enums::tests::test_rate_limit_interval_deserializes::case_2 ... ok
test common::enums::tests::test_rate_limit_interval_deserializes::case_3 ... ok
test common::enums::tests::test_rate_limit_interval_deserializes::case_4 ... ok
test common::enums::tests::test_rate_limit_type_deserializes::case_1 ... ok
test common::enums::tests::test_rate_limit_type_deserializes::case_2 ... ok
test common::enums::tests::test_rate_limit_type_deserializes::case_3 ... ok
test common::enums::tests::test_rate_limit_type_deserializes::case_4 ... ok
test common::error::tests::test_config_error_is_fatal ... ok
test common::error::tests::test_display_formatting ... ok
test common::error::tests::test_futures_http_auth_error_code_is_fatal ... ok
test common::error::tests::test_futures_http_missing_credentials_is_fatal ... ok
test common::error::tests::test_futures_http_network_error_is_retryable ... ok
test common::error::tests::test_futures_http_rate_limit_is_retryable ... ok
test common::error::tests::test_spot_http_auth_error_code_is_fatal ... ok
test common::error::tests::test_spot_http_binance_error_is_not_retryable ... ok
test common::error::tests::test_spot_http_invalid_signature_is_fatal ... ok
test common::error::tests::test_spot_http_missing_credentials_is_fatal ... ok
test common::error::tests::test_spot_http_network_error_is_retryable ... ok
test common::error::tests::test_spot_http_rate_limit_is_retryable ... ok
test common::error::tests::test_spot_http_timeout_is_retryable ... ok
test common::error::tests::test_spot_http_unexpected_status_401_is_fatal ... ok
test common::error::tests::test_spot_http_unexpected_status_429_is_retryable ... ok
test common::error::tests::test_spot_http_unexpected_status_500_is_retryable ... ok
test common::error::tests::test_ws_auth_error_is_fatal ... ok
test common::error::tests::test_ws_network_error_is_retryable ... ok
test common::fees::tests::test_a_foreign_account_cannot_clear_an_entry ... ok
test common::fees::tests::test_clearing_one_symbol_leaves_the_others_registered ... ok
test common::fees::tests::test_clearing_one_endpoint_leaves_another_registered ... ok
test common::fees::tests::test_futures_fee_tier_rates::case_1 ... ok
test common::fees::tests::test_futures_fee_tier_rates::case_3 ... ok
test common::fees::tests::test_futures_fee_tier_rates::case_2 ... ok
test common::fees::tests::test_futures_fee_tier_rates::case_4 ... ok
test common::fees::tests::test_override_is_scoped_to_its_endpoint_and_symbol ... ok
test common::fees::tests::test_two_accounts_on_one_endpoint_do_not_overwrite_each_other ... ok
test common::models::tests::test_binance_rate_limit_deserializes_known_values ... ok
test common::parse::tests::bar_spec_tests::test_bar_spec_to_binance_interval::case_01 ... ok
test common::fees::tests::test_trailing_slash_does_not_split_an_endpoint ... ok
test common::execution::tests::test_spawn_task_unregisters_finished_task_before_shutdown ... ok
test common::parse::tests::bar_spec_tests::test_bar_spec_to_binance_interval::case_07 ... ok
test common::parse::tests::bar_spec_tests::test_bar_spec_to_binance_interval::case_08 ... ok
test common::parse::tests::bar_spec_tests::test_bar_spec_to_binance_interval::case_09 ... ok
test common::parse::tests::bar_spec_tests::test_bar_spec_to_binance_interval::case_11 ... ok
test common::fees::tests::test_no_override_is_registered_by_default ... ok
test common::parse::tests::bar_spec_tests::test_bar_spec_to_binance_interval::case_15 ... ok
test common::models::tests::test_binance_rate_limit_deserializes_unknown_values ... ok
test common::parse::tests::bar_spec_tests::test_bar_spec_to_binance_interval::case_02 ... ok
test common::parse::tests::bar_spec_tests::test_bar_spec_to_binance_interval::case_03 ... ok
test common::parse::tests::bar_spec_tests::test_bar_spec_to_binance_interval::case_04 ... ok
test common::parse::tests::bar_spec_tests::test_bar_spec_to_binance_interval::case_05 ... ok
test common::parse::tests::bar_spec_tests::test_bar_spec_to_binance_interval::case_06 ... ok
test common::parse::tests::bar_spec_tests::test_bar_spec_to_binance_interval::case_10 ... ok
test common::parse::tests::bar_spec_tests::test_bar_spec_to_binance_interval::case_12 ... ok
test common::parse::tests::bar_spec_tests::test_bar_spec_to_binance_interval::case_13 ... ok
test common::instruments::tests::test_selector_load_ids_and_filters_are_both_discriminating ... ok
test common::instruments::tests::test_selector_load_all_still_applies_venue_filters ... ok
test common::parse::tests::bar_spec_tests::test_bar_spec_to_binance_interval::case_14 ... ok
test common::parse::tests::bar_spec_tests::test_bar_spec_to_binance_interval::case_16 ... ok
test common::parse::tests::bar_spec_tests::test_unsupported_aggregation ... ok
test common::parse::tests::bar_spec_tests::test_unsupported_minute_interval ... ok
test common::parse::tests::bar_spec_tests::test_unsupported_second_interval ... ok
test common::parse::tests::sbe_precision_tests::test_parse_sbe_lot_size_filter_ethusdc ... ok
test common::parse::tests::sbe_precision_tests::test_parse_sbe_price_filter_ethusdc ... ok
test common::parse::tests::sbe_precision_tests::test_parse_sbe_price_filter_shibusdt ... ok
test common::parse::tests::sbe_precision_tests::test_sbe_mantissa_precision::case_1_precision_0 ... ok
test common::parse::tests::sbe_precision_tests::test_sbe_mantissa_precision::case_2_precision_1 ... ok
test common::parse::tests::sbe_precision_tests::test_sbe_mantissa_precision::case_3_precision_2 ... ok
test common::parse::tests::sbe_precision_tests::test_sbe_mantissa_precision::case_4_precision_3 ... ok
test common::parse::tests::sbe_precision_tests::test_sbe_mantissa_precision::case_5_precision_4 ... ok
test common::parse::tests::sbe_precision_tests::test_sbe_mantissa_precision::case_6_precision_5 ... ok
test common::parse::tests::sbe_precision_tests::test_sbe_mantissa_precision::case_7_precision_6 ... ok
test common::parse::tests::sbe_precision_tests::test_sbe_mantissa_precision::case_8_precision_7 ... ok
test common::parse::tests::sbe_precision_tests::test_sbe_mantissa_precision::case_9_precision_8 ... ok
test common::parse::tests::sbe_precision_tests::test_sbe_mantissa_precision_positive_exponent ... ok
test common::parse::tests::sbe_precision_tests::test_sbe_mantissa_precision_zero_mantissa ... ok
test common::parse::tests::test_parse_coinm_month_contract_fails ... ok
test common::parse::tests::test_parse_coinm_delivery_populates_fees ... ok
test common::parse::tests::test_parse_coinm_delivery::case_2_next_quarter ... ok
test common::parse::tests::test_parse_coinm_delivery::case_1_current_quarter ... ok
test common::parse::tests::test_parse_coinm_perpetual ... ok
test common::parse::tests::test_parse_fill_report_sbe ... ok
test common::parse::tests::test_parse_missing_price_filter_fails ... ok
test common::parse::tests::test_parse_klines_to_bars ... ok
test common::parse::tests::test_parse_new_order_response_sbe ... ok
test common::parse::tests::test_parse_price_at_precision::case_1_positive ... ok
test common::parse::tests::test_parse_order_status_report_sbe ... ok
test common::parse::tests::test_parse_price_at_precision::case_2_high_precision ... ok
test common::parse::tests::test_parse_price_at_precision::case_3_zero ... ok
test common::parse::tests::test_parse_price_at_precision::case_4_negative ... ok
test common::parse::tests::test_parse_price_at_precision::case_5_empty ... ok
test common::parse::tests::test_parse_quantity_at_precision::case_1_positive ... ok
test common::parse::tests::test_parse_quantity_at_precision::case_2_trailing_zero ... ok
test common::parse::tests::test_parse_quantity_at_precision::case_3_zero ... ok
test common::parse::tests::test_parse_quantity_at_precision::case_4_negative ... ok
test common::parse::tests::test_parse_quantity_at_precision::case_5_empty ... ok
test common::parse::tests::test_parse_quantity_at_precision::case_6_garbage ... ok
test common::parse::tests::test_parse_spot_instrument_populates_fees ... ok
test common::parse::tests::test_parse_spot_instrument_sbe ... ok
test common::parse::tests::test_parse_spot_trades_sbe ... ok
test common::parse::tests::test_parse_usdm_delivery::case_1_current_month ... ok
test common::parse::tests::test_parse_usdm_delivery::case_2_next_month ... ok
test common::parse::tests::test_parse_usdm_delivery::case_3_current_quarter ... ok
test common::parse::tests::test_parse_usdm_delivery::case_4_next_quarter ... ok
test common::parse::tests::test_parse_usdm_perpetual ... ok
test common::parse::tests::test_parse_usdm_perpetual_populates_fees ... ok
test common::parse::tests::test_parse_usdm_tradifi_perpetual::case_1_equity ... ok
test common::parse::tests::test_parse_usdm_tradifi_perpetual::case_2_korean_equity ... ok
test common::parse::tests::test_parse_usdm_tradifi_perpetual::case_4_premarket ... ok
test common::parse::tests::test_price_at_precision_re_precisions_via_decimal ... ok
test common::parse::tests::test_parse_usdm_tradifi_perpetual::case_5_commodity ... ok
test common::parse::tests::test_quantity_at_precision_re_precisions_via_decimal ... ok
test common::parse::tests::test_parse_usdm_tradifi_perpetual::case_3_hong_kong_equity ... ok
test common::parse::tests::test_parse_usdm_tradifi_perpetual_rejects_invalid_underlying_type::case_1_missing ... ok
test common::parse::tests::test_parse_usdm_tradifi_perpetual_rejects_invalid_underlying_type::case_2_unknown ... ok
test common::parse::tests::test_quote_to_l1_deltas_deletes_empty_sides ... ok
test common::parse::tests::test_parse_usdm_unsupported_contract_type_fails ... ok
test common::parse::tests::test_quote_to_l1_deltas_maps_all_fields ... ok
test common::status::tests::test_contract_status_to_market_action::case_01 ... ok
test common::status::tests::test_contract_status_to_market_action::case_02 ... ok
test common::status::tests::test_contract_status_to_market_action::case_04 ... ok
test common::status::tests::test_contract_status_to_market_action::case_03 ... ok
test common::status::tests::test_contract_status_to_market_action::case_05 ... ok
test common::status::tests::test_contract_status_to_market_action::case_06 ... ok
test common::status::tests::test_contract_status_to_market_action::case_07 ... ok
test common::status::tests::test_contract_status_to_market_action::case_08 ... ok
test common::status::tests::test_contract_status_to_market_action::case_09 ... ok
test common::status::tests::test_contract_status_to_market_action::case_10 ... ok
test common::status::tests::test_contract_status_to_market_action::case_11 ... ok
test common::status::tests::test_contract_status_to_market_action::case_12 ... ok
test common::status::tests::test_contract_status_to_market_action::case_13 ... ok
test common::status::tests::test_contract_status_to_market_action::case_14 ... ok
test common::status::tests::test_diff_emits_for_new_symbol ... ok
test common::status::tests::test_diff_emits_not_available_for_removed_symbol ... ok
test common::status::tests::test_diff_emits_on_change ... ok
test common::status::tests::test_diff_no_emit_when_unchanged ... ok
test common::status::tests::test_symbol_status_to_market_action::case_1 ... ok
test common::status::tests::test_symbol_status_to_market_action::case_2 ... ok
test common::status::tests::test_symbol_status_to_market_action::case_3 ... ok
test common::status::tests::test_symbol_status_to_market_action::case_4 ... ok
test common::status::tests::test_symbol_status_to_market_action::case_5 ... ok
test common::status::tests::test_symbol_status_to_market_action::case_6 ... ok
test common::status::tests::test_symbol_status_to_market_action::case_7 ... ok
test common::status::tests::test_trading_status_to_market_action::case_01 ... ok
test common::status::tests::test_trading_status_to_market_action::case_02 ... ok
test common::status::tests::test_trading_status_to_market_action::case_03 ... ok
test common::status::tests::test_trading_status_to_market_action::case_04 ... ok
test common::status::tests::test_trading_status_to_market_action::case_05 ... ok
test common::status::tests::test_trading_status_to_market_action::case_06 ... ok
test common::status::tests::test_trading_status_to_market_action::case_07 ... ok
test common::status::tests::test_trading_status_to_market_action::case_08 ... ok
test common::status::tests::test_trading_status_to_market_action::case_09 ... ok
test common::status::tests::test_trading_status_to_market_action::case_10 ... ok
test common::status::tests::test_trading_status_to_market_action::case_11 ... ok
test common::status::tests::test_trading_status_to_market_action::case_12 ... ok
test common::status::tests::test_trading_status_to_market_action::case_13 ... ok
test common::status::tests::test_trading_status_to_market_action::case_14 ... ok
test common::status::tests::test_trading_status_to_market_action::case_15 ... ok
test common::status::tests::test_trading_status_to_market_action::case_16 ... ok
test common::status::tests::test_trading_status_to_market_action::case_17 ... ok
test common::symbol::tests::test_format_binance_stream_symbol::case_1 ... ok
test common::symbol::tests::test_format_binance_stream_symbol::case_2 ... ok
test common::symbol::tests::test_format_binance_stream_symbol::case_3 ... ok
test common::symbol::tests::test_format_binance_symbol::case_1 ... ok
test common::symbol::tests::test_format_binance_symbol::case_2 ... ok
test common::symbol::tests::test_format_binance_symbol::case_3 ... ok
test common::symbol::tests::test_format_binance_symbol::case_4 ... ok
test common::symbol::tests::test_format_binance_symbol::case_5 ... ok
test common::symbol::tests::test_format_instrument_id::case_01_usdm_perp ... ok
test common::symbol::tests::test_format_instrument_id::case_02_usdm_eth ... ok
test common::symbol::tests::test_format_instrument_id::case_03_usdm_delivery ... ok
test common::symbol::tests::test_format_instrument_id::case_04_usdm_digit_quote ... ok
test common::symbol::tests::test_format_instrument_id::case_05_coinm_perp ... ok
test common::symbol::tests::test_format_instrument_id::case_06_coinm_eth ... ok
test common::symbol::tests::test_format_instrument_id::case_07_spot ... ok
test common::symbol::tests::test_format_instrument_id::case_08_spot_eth ... ok
test common::symbol::tests::test_format_instrument_id::case_09_margin ... ok
test common::symbol::tests::test_format_instrument_id::case_10_options ... ok
test common::symbol::tests::test_format_instrument_id_defaults_to_binance_venue ... ok
test common::symbol::tests::test_format_instrument_id_with_venue::case_1_usdm_perp ... ok
test common::symbol::tests::test_format_instrument_id_with_venue::case_2_usdm_stock ... ok
test common::symbol::tests::test_format_instrument_id_with_venue::case_3_usdm_delivery ... ok
test common::symbol::tests::test_format_instrument_id_with_venue::case_4_coinm_perp ... ok
test common::urls::tests::test_binance_us_spot_urls ... ok
test common::urls::tests::test_futures_user_stream_url::case_1 ... ok
test common::urls::tests::test_futures_user_stream_url::case_2 ... ok
test common::urls::tests::test_futures_user_stream_url::case_3 ... ok
test common::urls::tests::test_futures_user_stream_url::case_4 ... ok
test common::urls::tests::test_futures_user_stream_url::case_5 ... ok
test common::urls::tests::test_futures_user_stream_url::case_6 ... ok
test common::urls::tests::test_futures_user_stream_url::case_7 ... ok
test common::urls::tests::test_futures_user_stream_url::case_8 ... ok
test common::urls::tests::test_http_url_coinm_demo ... ok
test common::urls::tests::test_http_url_coinm_live ... ok
test common::urls::tests::test_futures_user_stream_url_rejects_non_futures_product - should panic ... ok
test common::urls::tests::test_http_url_options_demo ... ok
test common::urls::tests::test_http_url_options_testnet ... ok
test common::urls::tests::test_http_url_spot_demo ... ok
test common::urls::tests::test_http_url_spot_live ... ok
test common::urls::tests::test_http_url_spot_testnet ... ok
test common::urls::tests::test_http_url_usdm_live ... ok
test common::urls::tests::test_sapi_base_url::case_1 ... ok
test common::urls::tests::test_sapi_base_url::case_2 ... ok
test common::urls::tests::test_sapi_base_url::case_3 ... ok
test common::urls::tests::test_spot_user_stream_url_override::case_1 ... ok
test common::urls::tests::test_spot_user_stream_url_override::case_2 ... ok
test common::urls::tests::test_spot_user_stream_url_override::case_3 ... ok
test common::urls::tests::test_urls_usdm_demo ... ok
test common::urls::tests::test_urls_usdm_testnet ... ok
test common::urls::tests::test_usdm_ws_route_base_url_normalizes_override::case_1 ... ok
test common::urls::tests::test_usdm_ws_route_base_url_normalizes_override::case_2 ... ok
test common::urls::tests::test_usdm_ws_route_base_url_normalizes_override::case_3 ... ok
test common::urls::tests::test_usdm_ws_route_base_url_normalizes_override::case_4 ... ok
test common::urls::tests::test_usdm_ws_route_base_url_normalizes_override::case_5 ... ok
test common::urls::tests::test_usdm_ws_route_base_url_normalizes_override::case_6 ... ok
test common::urls::tests::test_usdm_ws_route_base_url_normalizes_override::case_7 ... ok
test common::urls::tests::test_usdm_ws_route_base_url_passes_through_non_binance_host::case_1 ... ok
test common::urls::tests::test_usdm_ws_route_base_url_passes_through_non_binance_host::case_2 ... ok
test common::urls::tests::test_usdm_ws_route_base_url_passes_through_non_binance_host::case_3 ... ok
test common::urls::tests::test_usdm_ws_route_base_url_passes_through_non_binance_host::case_4 ... ok
test common::urls::tests::test_usdm_ws_route_base_url_passes_through_non_binance_host::case_5 ... ok
test common::urls::tests::test_ws_private_url_fallback_to_market ... ok
test common::urls::tests::test_ws_private_url_options_demo ... ok
test common::urls::tests::test_ws_private_url_usdm_live ... ok
test common::urls::tests::test_ws_public_url_fallback_to_market ... ok
test common::urls::tests::test_ws_public_url_options_demo ... ok
test common::urls::tests::test_ws_public_url_usdm_live ... ok
test common::urls::tests::test_ws_url_coinm_demo ... ok
test common::urls::tests::test_ws_url_options_demo ... ok
test common::urls::tests::test_ws_url_options_testnet ... ok
test common::urls::tests::test_ws_url_spot_demo ... ok
test common::urls::tests::test_ws_url_spot_live ... ok
test common::urls::tests::test_ws_url_usdm_live ... ok
test common::websocket::tests::test_newer_request_removes_fully_superseded_request ... ok
test common::websocket::tests::test_newer_request_supersedes_same_stream_in_older_batch ... ok
test config::tests::test_data_config_rejects_recv_window_out_of_bounds::case_1 ... ok
test config::tests::test_data_config_rejects_recv_window_out_of_bounds::case_2 ... ok
test config::tests::test_data_config_rejects_unsupported_binance_us_combinations::case_1 ... ok
test common::websocket::tests::test_unsubscribe_failure_preserves_intent_until_reconnect ... ok
test common::websocket::tests::test_reset_requests_after_reconnect_preserves_only_subscribe_intent ... ok
test config::tests::test_data_config_rejects_unsupported_binance_us_combinations::case_2 ... ok
test config::tests::test_data_config_rejects_unsupported_binance_us_combinations::case_3 ... ok
test config::tests::test_data_config_toml_minimal ... ok
test config::tests::test_data_config_toml_rejects_plural_product_types ... ok
test config::tests::test_data_config_toml_spot_market_data_mode_override ... ok
test config::tests::test_exec_config_accepts_recv_window_bounds::case_1 ... ok
test config::tests::test_exec_config_accepts_recv_window_bounds::case_2 ... ok
test config::tests::test_exec_config_rejects_unsupported_binance_us_combinations::case_1 ... ok
test config::tests::test_exec_config_rejects_unsupported_binance_us_combinations::case_2 ... ok
test config::tests::test_exec_config_rejects_zero_ws_trading_setup_timeout ... ok
test config::tests::test_exec_config_toml_empty_uses_defaults ... ok
test config::tests::test_exec_config_toml_oms_type_override ... ok
test config::tests::test_exec_config_toml_use_gtd_override ... ok
test config::tests::test_exec_config_toml_ws_trading_setup_timeout_override ... ok
test config::tests::test_instrument_provider_rejects_callable_and_spot_contract_filter ... ok
test config::tests::test_instrument_provider_rejects_empty_and_non_string_filter_values ... ok
test data_types::tests::test_register_binance_custom_data_is_idempotent ... ok
test factories::tests::test_binance_data_client_factory_creation ... ok
test factories::tests::test_binance_data_client_factory_default ... ok
test futures::conversions::tests::test_determine_position_side::case_1_one_way_buy ... ok
test futures::conversions::tests::test_determine_position_side::case_2_one_way_sell ... ok
test futures::conversions::tests::test_determine_position_side::case_3_one_way_buy_reduce ... ok
test futures::conversions::tests::test_determine_position_side::case_4_hedge_open_buy ... ok
test futures::conversions::tests::test_determine_position_side::case_5_hedge_open_sell ... ok
test futures::conversions::tests::test_determine_position_side::case_6_hedge_close_buy ... ok
test futures::conversions::tests::test_determine_position_side::case_7_hedge_close_sell ... ok
test futures::conversions::tests::test_normalize_futures_asset_registers_unknown_as_crypto ... ok
test futures::conversions::tests::test_normalize_futures_asset_resolves_currency::case_1_bnfcr_to_usdt ... ok
test futures::conversions::tests::test_normalize_futures_asset_resolves_currency::case_2_bnfcr_to_usdc ... ok
test futures::conversions::tests::test_normalize_futures_asset_resolves_currency::case_3_bnfcr_trim_and_case ... ok
test futures::conversions::tests::test_normalize_futures_asset_resolves_currency::case_4_known_asset_bypasses_alias ... ok
test futures::conversions::tests::test_parse_good_till_date_omits_missing_expiry::case_1_missing ... ok
test factories::tests::test_binance_execution_client_factory_selects_oms_type::case_3 ... ok
test factories::tests::test_binance_execution_client_factory_selects_oms_type::case_2 ... ok
test factories::tests::test_binance_execution_client_factory_selects_oms_type::case_1 ... ok
test futures::conversions::tests::test_parse_good_till_date_omits_missing_expiry::case_2_zero ... ok
test futures::conversions::tests::test_parse_good_till_date_preserves_milliseconds ... ok
test futures::conversions::tests::test_parse_good_till_date_rejects_invalid_values::case_2_overflow ... ok
test futures::conversions::tests::test_parse_good_till_date_rejects_invalid_values::case_1_negative ... ok
test futures::conversions::tests::test_reduce_only_param::case_2_one_way_reduce ... ok
test futures::conversions::tests::test_reduce_only_param::case_1_one_way ... ok
test futures::conversions::tests::test_reduce_only_param::case_3_hedge_open ... ok
test futures::conversions::tests::test_reduce_only_param::case_4_hedge_close_long ... ok
test futures::conversions::tests::test_reduce_only_param::case_5_hedge_close_short ... ok
test futures::conversions::tests::test_trailing_offset_to_callback_rate_preserves_precision ... ok
test futures::conversions::tests::test_trailing_offset_to_callback_rate_string_formats_whole_percent ... ok
test futures::conversions::tests::test_trailing_offset_to_callback_rate_rejects_out_of_range_values ... ok
test futures::data::tests::test_parse_order_book_snapshot_all_invalid_levels_marks_clear_last ... ok
test futures::data::tests::test_parse_order_book_snapshot_falls_back_for_invalid_timestamp::case_1_negative ... ok
test futures::data::tests::test_parse_order_book_snapshot_falls_back_for_invalid_timestamp::case_2_overflow ... ok
test futures::data::tests::test_parse_order_book_snapshot_skips_invalid_levels ... ok
test futures::data::tests::test_snapshot_retry_backoff_exponentially_increases_then_caps::case_1 ... ok
test futures::data::tests::test_snapshot_retry_backoff_exponentially_increases_then_caps::case_2 ... ok
test futures::data::tests::test_snapshot_retry_backoff_exponentially_increases_then_caps::case_3 ... ok
test futures::data::tests::test_snapshot_retry_backoff_exponentially_increases_then_caps::case_4 ... ok
test futures::data::tests::test_snapshot_retry_backoff_exponentially_increases_then_caps::case_5 ... ok
test futures::data::tests::test_snapshot_retry_backoff_exponentially_increases_then_caps::case_6 ... ok
test futures::execution::tests::test_cancel_venue_order_id::case_1_regular ... ok
test futures::execution::tests::test_cancel_venue_order_id::case_2_unpromoted_algo ... ok
test futures::execution::tests::test_cancel_venue_order_id::case_3_promoted ... ok
test futures::execution::tests::test_classify_submit_order_error_dual_side_sync_is_not_post_only ... ok
test futures::execution::tests::test_classify_submit_order_error_gtx_is_post_only ... ok
test futures::execution::tests::test_classify_submit_order_error_non_binance_error_is_not_post_only ... ok
test futures::execution::tests::test_classify_submit_order_error_other_venue_code_is_not_post_only ... ok
test futures::execution::tests::test_futures_order_lifetime_encodes_valid_usdm_gtd ... ok
test futures::execution::tests::test_futures_order_lifetime_maps_locally_managed_gtd_to_gtc::case_1_coin_m_limit ... ok
test futures::execution::tests::test_futures_order_lifetime_maps_locally_managed_gtd_to_gtc::case_2_usd_m_market ... ok
test futures::execution::tests::test_futures_order_lifetime_maps_locally_managed_gtd_to_gtc::case_3_usd_m_post_only ... ok
test futures::execution::tests::test_futures_order_lifetime_maximum_exceeds_unix_nanos_range ... ok
test futures::execution::tests::test_futures_order_lifetime_rejects_invalid_gtd::case_1_minimum ... ok
test futures::execution::tests::test_futures_order_lifetime_rejects_invalid_gtd::case_2_subsecond ... ok
test futures::execution::tests::test_futures_order_lifetime_rejects_invalid_gtd::case_3_coin_m ... ok
test futures::execution::tests::test_futures_order_lifetime_rejects_invalid_gtd::case_4_market ... ok
test futures::execution::tests::test_create_account_state_preserves_info_decimal_values ... ok
test futures::execution::tests::test_futures_order_lifetime_rejects_invalid_gtd::case_5_post_only ... ok
test futures::execution::tests::test_futures_order_lifetime_requires_expire_time ... ok
test futures::execution::tests::test_other_structured_submit_error_is_not_ambiguous ... ok
test futures::execution::tests::test_instrument_product_matching_distinguishes_futures_products_from_spot ... ok
test futures::execution::tests::test_quantity_free_close_position_side::case_01_not_close ... ok
test futures::execution::tests::test_quantity_free_close_position_side::case_02_positive_quantity ... ok
test futures::execution::tests::test_quantity_free_close_position_side::case_04_hedge_long_zero ... ok
test futures::execution::tests::test_quantity_free_close_position_side::case_03_hedge_long ... ok
test futures::execution::tests::test_quantity_free_close_position_side::case_06_invalid_hedge_long ... ok
test futures::execution::tests::test_quantity_free_close_position_side::case_05_hedge_short ... ok
test futures::execution::tests::test_should_use_algo_cancel::case_1_regular ... ok
test futures::execution::tests::test_quantity_free_close_position_side::case_07_invalid_hedge_short ... ok
test futures::execution::tests::test_quantity_free_close_position_side::case_08_one_way_long ... ok
test futures::execution::tests::test_quantity_free_close_position_side::case_09_one_way_short ... ok
test futures::execution::tests::test_quantity_free_close_position_side::case_11_unknown_side ... ok
test futures::execution::tests::test_should_use_algo_cancel::case_2_untriggered_algo ... ok
test futures::execution::tests::test_quantity_free_close_position_side::case_10_missing_side ... ok
test futures::execution::tests::test_should_use_algo_cancel::case_3_triggered_algo ... ok
test futures::execution::tests::test_should_use_algo_cancel::case_4_promoted_algo ... ok
test futures::execution::tests::test_unknown_status_submit_error_is_ambiguous::case_1 ... ok
test futures::execution::tests::test_unknown_status_submit_error_is_ambiguous::case_2 ... ok
test futures::execution::tests::test_validate_submit_position_id_accepts_compatible_identity::case_1 ... ok
test futures::execution::tests::test_validate_submit_position_id_accepts_compatible_identity::case_2 ... ok
test futures::execution::tests::test_validate_submit_position_id_accepts_compatible_identity::case_3 ... ok
test futures::execution::tests::test_validate_submit_position_id_rejects_custom_venue_identity ... ok
test futures::http::client::tests::test_agg_trades_rejects_invalid_bounds::case_1_limit ... ok
test futures::http::client::tests::test_agg_trades_rejects_invalid_bounds::case_3_range ... ok
test futures::http::client::tests::test_agg_trades_rejects_invalid_bounds::case_2_order ... ok
test futures::http::client::tests::test_batch_cancel_params_builds_client_order_id_list ... ok
test futures::http::client::tests::test_agg_trades_rejects_invalid_bounds::case_4_overflow ... ok
test futures::http::client::tests::test_batch_cancel_orders_rejects_more_than_ten_items ... ok
test futures::http::client::tests::test_batch_cancel_params_builds_order_id_list ... ok
test futures::http::client::tests::test_batch_cancel_params_rejects_items_without_ids ... ok
test futures::http::client::tests::test_batch_cancel_params_rejects_mixed_id_types ... ok
test futures::http::client::tests::test_batch_cancel_params_rejects_mixed_symbols ... ok
test futures::http::client::tests::test_create_client_rejects_spot_product_type ... ok
test futures::http::client::tests::test_cached_precisions_by_id_rejects_spot_alias ... ok
test futures::http::client::tests::test_cached_precisions_by_id_returns_symbol_and_precisions ... ok
test futures::http::client::tests::test_parse_futures_kline_bar_rejects_invalid_volume ... ok
test futures::http::client::tests::test_parse_error_response_binance_error ... ok
test futures::http::client::tests::test_invalid_precision_preserves_previous_raw_snapshot ... ok
test futures::http::client::tests::test_parse_futures_trade_tick_rejects_invalid_price ... ok
test futures::http::client::tests::test_quota_from_unknown_interval_returns_none ... ok
test futures::http::client::tests::test_rate_limit_config_usdm_has_request_weight_and_orders ... ok
test futures::http::client::tests::test_rate_limit_keys_usdm_include_order_buckets ... ok
test futures::http::client::tests::test_rate_limiters_share_usdm_and_coinm_scopes ... ok
test futures::http::client::tests::test_rate_limit_config_coinm_has_request_weight_and_orders ... ok
test futures::http::client::tests::test_request_agg_trades_rejects_history_older_than_24_hours::case_1_start ... ok
test futures::http::client::tests::test_rate_limiters_isolate_unrelated_scopes ... ok
test futures::http::client::tests::test_request_agg_trades_rejects_history_older_than_24_hours::case_2_end ... ok
test futures::http::client::tests::test_request_agg_trades_rejects_history_older_than_24_hours::case_3_both ... ok
test futures::http::client::tests::test_submit_algo_order_stop_market_requires_trigger_price ... ok
test futures::http::models::tests::test_account_info_to_account_state_empty_assets ... ok
test futures::http::models::tests::test_account_info_to_account_state_coin_margined_per_base_coin ... ok
test futures::http::models::tests::test_account_info_to_account_state_empty_balance ... ok
test futures::http::models::tests::test_account_info_to_account_state_precision_drift ... ok
test futures::http::models::tests::test_account_info_to_account_state_with_margins ... ok
test futures::http::models::tests::test_algo_order_status_uses_actual_quantity_conservatively::case_1 ... ok
test futures::http::models::tests::test_algo_order_status_uses_actual_quantity_conservatively::case_2 ... ok
test futures::http::models::tests::test_algo_order_status_uses_actual_quantity_conservatively::case_3 ... ok
test futures::http::models::tests::test_account_info_to_account_state_zero_margins ... ok
test futures::http::models::tests::test_algo_order_status_uses_actual_quantity_conservatively::case_4 ... ok
test futures::http::models::tests::test_algo_order_to_report_decodes_broker_id ... ok
test futures::http::models::tests::test_algo_order_to_report_omits_avg_price_without_fills ... ok
test futures::http::models::tests::test_algo_order_to_report_omits_missing_price::case_1 ... ok
test futures::http::models::tests::test_algo_order_to_report_omits_missing_price::case_2 ... ok
test futures::http::models::tests::test_algo_order_to_report_omits_missing_price::case_3 ... ok
test futures::http::models::tests::test_algo_order_to_report_preserves_good_till_date ... ok
test futures::http::models::tests::test_algo_order_to_report_rejects_invalid_callback_rate ... ok
test futures::http::models::tests::test_algo_order_to_report_rejects_invalid_client_order_id ... ok
test futures::http::models::tests::test_algo_order_to_report_rejects_invalid_trigger_price ... ok
test futures::http::models::tests::test_algo_order_to_report_rejects_invalid_price ... ok
test futures::http::models::tests::test_algo_order_to_report_rejects_missing_trigger_price ... ok
test futures::http::models::tests::test_algo_order_to_report_selects_valid_venue_order_id::case_1 ... ok
test futures::http::models::tests::test_algo_order_to_report_selects_valid_venue_order_id::case_2 ... ok
test futures::http::models::tests::test_algo_order_to_report_selects_valid_venue_order_id::case_3 ... ok
test futures::http::models::tests::test_algo_order_to_report_sets_price ... ok
test futures::http::models::tests::test_algo_order_to_report_sets_trailing_fields ... ok
test futures::http::models::tests::test_algo_order_to_report_sets_actual_fill_fields ... ok
test futures::http::models::tests::test_algo_order_to_report_sets_trigger_fields ... ok
test futures::http::models::tests::test_close_all_algo_report_with_actual_uses_matching_engine_quantity ... ok
test futures::http::models::tests::test_order_to_report_decodes_broker_id ... ok
test futures::http::models::tests::test_order_to_report_omits_avg_px_without_fills ... ok
test futures::http::models::tests::test_order_to_report_omits_missing_price::case_1 ... ok
test futures::http::models::tests::test_order_to_report_preserves_good_till_date ... ok
test futures::http::models::tests::test_order_to_report_omits_missing_price::case_2 ... ok
test futures::http::models::tests::test_order_to_report_rejects_invalid_avg_px_for_filled_order ... ok
test futures::http::models::tests::test_order_to_report_rejects_invalid_client_order_id ... ok
test futures::http::models::tests::test_order_to_report_rejects_invalid_price ... ok
test futures::http::models::tests::test_order_to_report_sets_avg_px_for_filled_market_order ... ok
test futures::http::models::tests::test_parse_account_position ... ok
test futures::http::models::tests::test_parse_algo_order ... ok
test futures::http::models::tests::test_parse_account_info_v2 ... ok
test futures::http::models::tests::test_parse_algo_order_cancel_response ... ok
test futures::http::models::tests::test_parse_algo_order_finished::case_1 ... ok
test futures::http::models::tests::test_parse_balance_with_v2_field ... ok
test futures::http::models::tests::test_parse_algo_order_finished::case_2 ... ok
test futures::http::models::tests::test_parse_hedge_mode_response ... ok
test futures::http::models::tests::test_parse_balance_with_v1_field ... ok
test futures::http::models::tests::test_parse_kline_rejects_non_string_price ... ok
test futures::http::models::tests::test_parse_leverage_response ... ok
test futures::http::models::tests::test_parse_listen_key_response ... ok
test futures::http::models::tests::test_to_nautilus_order_status_expired_respects_treat_as_canceled::case_1 ... ok
test futures::http::models::tests::test_to_nautilus_order_status_expired_respects_treat_as_canceled::case_2 ... ok
test futures::http::models::tests::test_parse_order ... ok
test futures::http::models::tests::test_parse_position_risk ... ok
test futures::http::models::tests::test_to_nautilus_order_status_expired_respects_treat_as_canceled::case_4 ... ok
test futures::http::models::tests::test_parse_order_defaults_missing_cum_quote_to_zero ... ok
test futures::http::models::tests::test_to_nautilus_order_status_expired_respects_treat_as_canceled::case_3 ... ok
test futures::http::query::tests::test_agg_trades_params_serialization ... ok
test futures::http::query::tests::test_income_history_params_serialization ... ok
test futures::http::models::tests::test_user_trade_to_fill_report_rejects_invalid_commission ... ok
test futures::http::query::tests::test_depth_params_builder ... ok
test futures::http::query::tests::test_new_algo_order_params_serialization_uses_activate_price ... ok
test futures::http::query::tests::test_new_order_params_with_price_match_serializes_correctly ... ok
test futures::http::query::tests::test_new_order_params_without_price_match_omits_field ... ok
test futures::http::query::tests::test_open_orders_params_builder ... ok
test futures::http::query::tests::test_order_query_params_builder ... ok
test futures::http::query::tests::test_ticker_params_serialization ... ok
test futures::websocket::streams::client::tests::test_connect_timeout_defaults_to_the_binance_value ... ok
test futures::websocket::streams::client::tests::test_with_connect_timeout_none_keeps_the_binance_default ... ok
test futures::websocket::streams::client::tests::test_with_connect_timeout_overrides_the_default ... ok
test futures::websocket::streams::client::tests::test_with_proxy_preserves_proxy_url ... ok
test futures::websocket::streams::client::tests::test_cancelled_close_retains_connection_slot ... ok
test futures::websocket::streams::dispatch::tests::test_dispatch_algo_update_invalid_client_order_id_emits_nothing ... ok
test futures::websocket::streams::dispatch::tests::test_dispatch_algo_update_triggered_emits_updated_with_actual_order_id ... ok
test futures::websocket::streams::dispatch::tests::test_dispatch_algo_update_untracked_canceled_keeps_one_way_mode_unkeyed ... ok
test futures::websocket::streams::dispatch::tests::test_dispatch_order_update_amendment_emits_updated ... ok
test futures::websocket::streams::dispatch::tests::test_dispatch_order_update_expired_respects_treat_flag::case_1_as_canceled ... ok
test futures::websocket::streams::dispatch::tests::test_dispatch_order_update_expired_respects_treat_flag::case_2_as_expired ... ok
test futures::websocket::streams::dispatch::tests::test_dispatch_order_update_new_with_matching_price_skips_updated ... ok
test futures::websocket::streams::dispatch::tests::test_dispatch_order_update_invalid_client_order_id_emits_nothing ... ok
test futures::websocket::streams::dispatch::tests::test_dispatch_order_update_new_with_price_match_divergence_emits_updated ... ok
test futures::websocket::streams::dispatch::tests::test_dispatch_order_update_new_after_algo_accepted_reconciles_reduced_quantity ... ok
test futures::websocket::streams::dispatch::tests::test_dispatch_order_update_skips_duplicate_tracked_trade ... ok
test futures::websocket::streams::dispatch::tests::test_dispatch_order_update_trade_does_not_re_emit_updated_after_identity_refresh ... ok
test futures::websocket::streams::dispatch::tests::test_dispatch_order_update_skips_duplicate_untracked_trade ... ok
test futures::websocket::streams::dispatch::tests::test_dispatch_order_update_new_with_zero_venue_qty_skips_updated ... ok
test futures::websocket::streams::dispatch::tests::test_dispatch_order_update_trade_emits_updated_then_filled_for_reduced_qty ... ok
test futures::websocket::streams::dispatch::tests::test_dispatch_trade_lite_does_not_re_emit_updated_after_identity_refresh ... ok
test futures::websocket::streams::dispatch::tests::test_dispatch_trade_lite_rejects_invalid_fill_quantity ... ok
test futures::websocket::streams::dispatch::tests::test_dispatch_order_update_skips_duplicate_exchange_generated_fill ... ok
test futures::websocket::streams::dispatch::tests::test_dispatch_order_update_trade_tracked_skips_fill_when_use_trade_lite ... ok
test futures::websocket::streams::dispatch::tests::test_emit_bundled_when_both_parsed ... ok
test futures::websocket::streams::dispatch::tests::test_make_venue_position_id_disabled::case_1_long ... ok
test futures::websocket::streams::dispatch::tests::test_make_venue_position_id_disabled::case_2_short ... ok
test futures::websocket::streams::dispatch::tests::test_dispatch_order_update_trade_tracked_runs_cleanup_when_terminal_with_use_trade_lite ... ok
test futures::websocket::streams::dispatch::tests::test_make_venue_position_id_disabled::case_3_both ... ok
test futures::websocket::streams::dispatch::tests::test_dispatch_promotes_algo_id_once_for_event_order::case_2_algo_triggered_first ... ok
test futures::websocket::streams::dispatch::tests::test_dispatch_trade_lite_rejects_invalid_fill_price ... ok
test futures::websocket::streams::dispatch::tests::test_dispatch_trade_lite_tracked_emits_filled ... ok
test futures::websocket::streams::dispatch::tests::test_make_venue_position_id_disabled::case_4_unknown ... ok
test futures::websocket::streams::dispatch::tests::test_dispatch_trade_lite_uses_instrument_quote_currency ... ok
test futures::websocket::streams::dispatch::tests::test_emit_nothing_when_both_parsers_fail ... ok
test futures::websocket::streams::dispatch::tests::test_dispatch_order_update_trade_untracked_still_emits_reports_with_use_trade_lite ... ok
test futures::websocket::streams::dispatch::tests::test_dispatch_order_update_trade_rejects_invalid_fill_price ... ok
test futures::websocket::streams::dispatch::tests::test_emit_status_alone_when_fill_parser_fails ... ok
test futures::websocket::streams::dispatch::tests::test_make_venue_position_id_enabled::case_1_long ... ok
test futures::websocket::streams::dispatch::tests::test_dispatch_trade_lite_emits_updated_for_reduced_qty ... ok
test futures::websocket::streams::dispatch::tests::test_emit_fill_alone_when_status_parser_fails ... ok
test futures::websocket::streams::dispatch::tests::test_make_venue_position_id_enabled::case_2_short ... ok
test futures::websocket::streams::dispatch::tests::test_dispatch_trade_lite_untracked_is_noop ... ok
test futures::websocket::streams::dispatch::tests::test_dispatch_order_update_trade_skips_invalid_commission_only ... ok
test futures::websocket::streams::dispatch::tests::test_dispatch_trade_lite_uses_usdm_instrument_quote_currency ... ok
test futures::websocket::streams::dispatch::tests::test_make_venue_position_id_keeps_one_way_mode_unkeyed ... ok
test futures::websocket::streams::dispatch::tests::test_dispatch_trade_lite_invalid_client_order_id_emits_nothing ... ok
test futures::websocket::streams::dispatch::tests::test_make_venue_position_id_rejects_invalid_side::case_1_missing ... ok
test futures::websocket::streams::dispatch::tests::test_make_venue_position_id_rejects_invalid_side::case_2_unknown ... ok
test futures::websocket::streams::dispatch::tests::test_dispatch_promotes_algo_id_once_for_event_order::case_1_matching_event_first ... ok
test futures::websocket::streams::dispatch::tests::test_dispatch_trade_lite_promotes_algo_id_before_fill ... ok
test futures::websocket::streams::dispatch::tests::test_parse_exchange_generated_fill_quantity_rejects_invalid_fill_quantity ... ok
test futures::websocket::streams::dispatch::tests::test_resolve_instrument_metadata_rejects_product_mismatch ... ok
test futures::websocket::streams::messages::tests::test_account_update_reason_adl_deserializes ... ok
test futures::websocket::streams::messages::tests::test_account_update_reason_unknown_fallback ... ok
test futures::websocket::streams::handler::tests::test_error_responses_preserve_subscription_intent ... ok
test futures::websocket::streams::handler::tests::test_subscription_intent_is_preserved_without_active_client ... ok
test futures::websocket::streams::parse_data::tests::test_deserialize_liquidation_msg ... ok
test futures::websocket::streams::parse_data::tests::test_deserialize_ticker_msg ... ok
test futures::websocket::streams::parse_data::tests::test_extract_event_type ... ok
test futures::websocket::streams::parse_data::tests::test_extract_event_type_force_order ... ok
test futures::websocket::streams::parse_data::tests::test_extract_event_type_ticker ... ok
test futures::websocket::streams::parse_data::tests::test_mark_price_msg_deserializes_optional_ap ... ok
test futures::websocket::streams::parse_data::tests::test_extract_symbol ... ok
test futures::websocket::streams::parse_data::tests::test_parse_agg_trade ... ok
test futures::websocket::streams::parse_data::tests::test_parse_agg_trade_falls_back_for_invalid_timestamp::case_1_negative ... ok
test futures::websocket::streams::parse_data::tests::test_parse_agg_trade_falls_back_for_invalid_timestamp::case_2_overflow ... ok
test futures::websocket::streams::parse_data::tests::test_parse_book_ticker ... ok
test futures::websocket::streams::parse_data::tests::test_parse_depth_update ... ok
test futures::websocket::streams::parse_data::tests::test_parse_kline_closed ... ok
test futures::websocket::streams::parse_data::tests::test_parse_mark_price ... ok
test futures::websocket::streams::parse_data::tests::test_parse_mark_price_funding_rate_fields ... ok
test futures::websocket::streams::parse_data::tests::test_parse_mark_price_preserves_missing_funding_time::case_1_zero ... ok
test futures::websocket::streams::parse_data::tests::test_parse_kline_open_returns_none ... ok
test futures::websocket::streams::parse_data::tests::test_parse_mark_price_preserves_missing_funding_time::case_2_negative ... ok
test futures::websocket::streams::parse_exec::tests::test_decode_algo_client_id ... ok
test futures::websocket::streams::parse_exec::tests::test_decode_algo_client_id_rejects_malformed_prefixed_input ... ok
test futures::websocket::streams::parse_data::tests::test_parse_ticker_rejects_invalid_numeric_field ... ok
test futures::websocket::streams::parse_data::tests::test_parse_ticker ... ok
test futures::websocket::streams::parse_exec::tests::test_decode_order_client_id ... ok
test futures::websocket::streams::parse_exec::tests::test_decode_order_client_id_rejects_invalid_input::case_1_empty ... ok
test futures::websocket::streams::parse_data::tests::test_parse_trade ... ok
test futures::websocket::streams::parse_exec::tests::test_decode_order_client_id_rejects_invalid_input::case_3_non_ascii ... ok
test futures::websocket::streams::parse_exec::tests::test_decode_order_client_id_rejects_invalid_input::case_2_whitespace ... ok
test futures::websocket::streams::parse_exec::tests::test_decode_order_client_id_rejects_invalid_input::case_4_malformed_prefixed ... ok
test futures::websocket::streams::parse_exec::tests::test_is_exchange_generated_adl_autoclose ... ok
test futures::websocket::streams::parse_exec::tests::test_is_exchange_generated_autoclose ... ok
test futures::websocket::streams::parse_exec::tests::test_is_exchange_generated_delivery_autoclose ... ok
test futures::websocket::streams::parse_exec::tests::test_is_exchange_generated_settlement_autoclose ... ok
test futures::websocket::streams::parse_exec::tests::test_normal_order_is_not_exchange_generated ... ok
test futures::websocket::streams::parse_exec::tests::test_parse_account_update ... ok
test futures::websocket::streams::parse_exec::tests::test_parse_account_update_precision_drift ... ok
test futures::websocket::streams::parse_exec::tests::test_parse_account_update_maps_bnfcr_to_configured_currency::case_1 ... ok
test futures::websocket::streams::parse_exec::tests::test_parse_account_update_maps_bnfcr_to_configured_currency::case_2 ... ok
test futures::websocket::streams::parse_exec::tests::test_parse_adl_fill_with_new_adl_status ... ok
test futures::websocket::streams::parse_exec::tests::test_parse_adl_status_report_maps_new_adl_to_filled ... ok
test futures::websocket::streams::parse_exec::tests::test_parse_algo_update_to_order_status_canceled ... ok
test futures::websocket::streams::parse_exec::tests::test_parse_algo_update_to_order_status_new_returns_none ... ok
test futures::websocket::streams::parse_exec::tests::test_parse_algo_update_to_order_status_preserves_good_till_date ... ok
test futures::websocket::streams::parse_exec::tests::test_parse_algo_update_to_order_status_rejects_invalid_quantity ... ok
test futures::websocket::streams::parse_exec::tests::test_parse_algo_update_to_order_status_rejects_invalid_trigger_price ... ok
test futures::websocket::streams::parse_exec::tests::test_parse_algo_update_to_order_status_rejects_missing_trigger_price ... ok
test futures::websocket::streams::parse_exec::tests::test_parse_algo_update_to_order_status_rejects_missing_limit_price ... ok
test futures::websocket::streams::parse_exec::tests::test_parse_fill_with_optional_params::case_1_with_venue_position_id ... ok
test futures::websocket::streams::parse_exec::tests::test_parse_fill_with_optional_params::case_2_without_extras ... ok
test futures::websocket::streams::parse_exec::tests::test_parse_insurance_fill_with_new_insurance_status ... ok
test futures::websocket::streams::parse_exec::tests::test_parse_order_status_expired_respects_treat_as_canceled::case_1 ... ok
test futures::websocket::streams::parse_exec::tests::test_parse_insurance_status_maps_new_insurance_to_filled ... ok
test futures::websocket::streams::parse_exec::tests::test_parse_liquidation_fill ... ok
test futures::websocket::streams::parse_exec::tests::test_parse_order_status_expired_respects_treat_as_canceled::case_2 ... ok
test futures::websocket::streams::parse_exec::tests::test_parse_liquidation_status_report ... ok
test futures::websocket::streams::parse_exec::tests::test_parse_order_status_expired_respects_treat_as_canceled::case_3 ... ok
test futures::websocket::streams::parse_exec::tests::test_parse_order_status_expired_respects_treat_as_canceled::case_4 ... ok
test futures::websocket::streams::parse_exec::tests::test_parse_order_status_new_adl_maps_to_filled ... ok
test futures::websocket::streams::parse_exec::tests::test_parse_order_status_new_insurance_maps_to_filled ... ok
test futures::websocket::streams::parse_exec::tests::test_parse_order_update_to_fill_rejects_invalid_commission ... ok
test futures::websocket::streams::parse_exec::tests::test_parse_order_update_to_fill_rejects_invalid_price ... ok
test futures::websocket::streams::parse_exec::tests::test_parse_order_update_to_fill_rejects_invalid_quantity ... ok
test futures::websocket::streams::parse_exec::tests::test_parse_order_update_to_fill_report ... ok
test futures::websocket::streams::parse_exec::tests::test_parse_order_update_to_order_status_falls_back_for_invalid_timestamp::case_1_negative ... ok
test futures::websocket::streams::parse_exec::tests::test_parse_order_update_to_order_status_captures_activation_price ... ok
test futures::websocket::streams::parse_exec::tests::test_parse_order_update_to_order_status_new ... ok
test futures::websocket::streams::parse_exec::tests::test_parse_order_update_to_order_status_falls_back_for_invalid_timestamp::case_2_overflow ... ok
test futures::websocket::streams::parse_exec::tests::test_parse_order_update_to_order_status_preserves_good_till_date ... ok
test futures::websocket::streams::parse_exec::tests::test_parse_order_update_to_order_status_rejects_invalid_filled_quantity ... ok
test futures::websocket::streams::parse_exec::tests::test_parse_order_update_to_order_status_rejects_invalid_price ... ok
test futures::websocket::streams::parse_exec::tests::test_parse_order_update_to_order_status_rejects_invalid_quantity ... ok
test futures::websocket::streams::parse_exec::tests::test_parse_order_update_to_order_status_skips_invalid_optional_fields ... ok
test futures::websocket::streams::parse_exec::tests::test_parse_settlement_fill_with_trade_exec_type ... ok
test futures::websocket::streams::parse_exec::tests::test_parse_settlement_status_report ... ok
test futures::websocket::streams::parse_exec::tests::test_resolve_commission::case_1_venue_provided ... ok
test futures::websocket::streams::parse_exec::tests::test_pending_liquidation_has_zero_fill_qty ... ok
test common::execution::tests::test_await_account_registered_times_out ... ok
test futures::websocket::streams::parse_exec::tests::test_resolve_commission::case_2_fallback_from_taker_fee ... ok
test futures::websocket::streams::parse_exec::tests::test_resolve_commission::case_3_no_commission_no_fee ... ok
test futures::websocket::streams::recovery::tests::test_resolve_precision_rejects_missing_coinm_instrument ... ok
test futures::websocket::streams::recovery::tests::test_resolve_precision_rejects_missing_usdm_instrument ... ok
test futures::websocket::streams::recovery::tests::test_resolve_precision_rejects_product_mismatch ... ok
test futures::websocket::streams::recovery::tests::test_resolve_precision_returns_cached_instrument ... ok
test futures::websocket::streams::recovery::tests::test_resolve_precision_uses_cached_coinm_precision ... ok
test futures::websocket::trading::client::tests::test_operational_options_are_preserved ... ok
test futures::websocket::trading::dispatch::tests::test_dispatch_ws_trading_message_definite_submit_rejection_emits_order_rejected ... ok
test futures::websocket::trading::dispatch::tests::test_dispatch_ws_trading_message_emits_cancel_rejected_and_clears_pending_request ... ok
test futures::websocket::trading::dispatch::tests::test_dispatch_ws_trading_message_emits_modify_rejected_and_clears_pending_request ... ok
test futures::websocket::trading::dispatch::tests::test_dispatch_ws_trading_message_unknown_status_keeps_order_registered::case_1 ... ok
test futures::websocket::trading::dispatch::tests::test_dispatch_ws_trading_message_unknown_status_keeps_order_registered::case_2 ... ok
test futures::websocket::trading::handler::tests::test_sign_params_includes_recv_window_in_signature ... ok
test spot::data::tests::test_spot_market_data_mode_default_is_sbe ... ok
test spot::data::tests::first_applicable_update_skips_stale_diffs ... ok
test spot::enums::tests::test_order_type_to_binance_spot::case_2 ... ok
test spot::data::tests::overlap_accepts_first_diff_straddling_snapshot ... ok
test spot::data::tests::parse_spot_depth_snapshot_rejects_out_of_range_price ... ok
test spot::data::tests::parse_spot_depth_snapshot_rejects_out_of_range_quantity ... ok
test spot::data::tests::parse_spot_depth_snapshot_returns_none_for_empty_book ... ok
test spot::data::tests::parse_spot_depth_snapshot_sets_last_flag_for_bid_only_snapshot ... ok
test spot::data::tests::snapshot_retry_backoff_exponentially_increases_then_caps::case_1 ... ok
test spot::data::tests::snapshot_retry_backoff_exponentially_increases_then_caps::case_2 ... ok
test spot::data::tests::snapshot_retry_backoff_exponentially_increases_then_caps::case_3 ... ok
test spot::data::tests::snapshot_retry_backoff_exponentially_increases_then_caps::case_4 ... ok
test spot::data::tests::snapshot_retry_backoff_exponentially_increases_then_caps::case_5 ... ok
test spot::data::tests::snapshot_retry_backoff_exponentially_increases_then_caps::case_6 ... ok
test spot::data::tests::test_resolve_spot_json_ws_url_preserves_non_sbe_override ... ok
test spot::data::tests::test_resolve_spot_json_ws_url_rewrites_sbe_override_to_spot_default ... ok
test spot::data::tests::test_resolve_spot_json_ws_url_uses_binance_us_default ... ok
test spot::data::tests::test_resolve_spot_json_ws_url_uses_environment_default_without_override ... ok
test spot::data::tests::continuity_skips_first_then_requires_contiguous_u ... ok
test spot::enums::tests::test_order_type_to_binance_spot::case_1 ... ok
test spot::data::tests::overlap_rejects_gap_and_stale ... ok
test spot::enums::tests::test_order_type_to_binance_spot::case_3 ... ok
test spot::enums::tests::test_order_type_to_binance_spot::case_5 ... ok
test spot::data::tests::handle_ws_message_uses_clock_timestamp_for_sbe_bbo_ts_init ... ok
test spot::enums::tests::test_order_type_to_binance_spot::case_7 ... ok
test spot::enums::tests::test_order_type_to_binance_spot::case_4 ... ok
test spot::data::tests::parse_spot_depth_snapshot_sets_sequence_and_last_flag ... ok
test spot::enums::tests::test_order_type_to_binance_spot::case_6 ... ok
test spot::enums::tests::test_order_type_to_binance_spot_unsupported::case_1 ... ok
test spot::enums::tests::test_time_in_force_to_binance_spot::case_1 ... ok
test spot::enums::tests::test_time_in_force_to_binance_spot::case_3 ... ok
test spot::enums::tests::test_time_in_force_to_binance_spot::case_2 ... ok
test spot::enums::tests::test_time_in_force_to_binance_spot_rejects_gtd::case_1 ... ok
test spot::enums::tests::test_time_in_force_to_binance_spot_maps_locally_managed_gtd_to_gtc ... ok
test spot::execution::tests::test_dispatch_execution_report_invalid_client_order_id_emits_nothing ... ok
test spot::execution::tests::test_dispatch_tracked_execution_report_expired_respects_config::case_2_as_canceled ... ok
test spot::execution::tests::test_dispatch_tracked_execution_report_expired_respects_config::case_1_as_expired ... ok
test spot::execution::tests::test_is_spot_post_only_rejection::case_1_gtx ... ok
test spot::execution::tests::test_is_spot_post_only_rejection::case_2_spot_post_only ... ok
test spot::execution::tests::test_is_spot_post_only_rejection::case_3_new_order_rejected_other_message ... ok
test spot::execution::tests::test_is_spot_post_only_rejection::case_4_unrelated_code ... ok
test spot::execution::tests::test_is_spot_post_only_rejection::case_5_non_binance_error ... ok
test spot::execution::tests::test_dispatch_tracked_execution_report_invalid_fill_qty_skips_filled_event ... ok
test spot::execution::tests::test_dispatch_tracked_execution_report_trade_dedup ... ok
test spot::execution::tests::test_dispatch_ws_trading_message_emits_cancel_rejected_and_clears_pending_request ... ok
test spot::execution::tests::test_other_structured_submit_error_is_not_ambiguous ... ok
test spot::execution::tests::test_normalize_spot_order_status_report_expired_respects_config::case_2_as_canceled ... ok
test spot::execution::tests::test_resolve_ws_trading_url_preserves_override ... ok
test spot::execution::tests::test_resolve_ws_trading_url_uses_environment_default::case_1_live ... ok
test spot::execution::tests::test_dispatch_ws_trading_message_definite_submit_rejection_emits_order_rejected ... ok
test spot::execution::tests::test_dispatch_ws_trading_message_unknown_status_keeps_order_registered::case_2 ... ok
test spot::execution::tests::test_resolve_ws_trading_url_uses_environment_default::case_2_testnet ... ok
test spot::execution::tests::test_resolve_ws_trading_url_uses_environment_default::case_3_demo ... ok
test spot::execution::tests::test_unknown_status_submit_error_is_ambiguous::case_1 ... ok
test spot::execution::tests::test_unknown_status_submit_error_is_ambiguous::case_2 ... ok
test spot::execution::tests::test_dispatch_ws_trading_message_emits_modify_rejected_and_clears_pending_request ... ok
test spot::execution::tests::test_dispatch_ws_trading_message_unknown_status_keeps_order_registered::case_1 ... ok
test spot::execution::tests::test_dispatch_tracked_execution_report_rejected_gtx_sets_post_only ... ok
test spot::execution::tests::test_normalize_spot_order_status_report_expired_respects_config::case_1_as_expired ... ok
test spot::execution::tests::test_http_submit_success_defers_acceptance_to_user_stream ... ok
test spot::http::client::tests::test_default_headers_include_sbe ... ok
test spot::http::client::tests::test_agg_trades_rejects_invalid_bounds::case_1_limit ... ok
test spot::http::client::tests::test_json_headers_exclude_sbe ... ok
test spot::http::client::tests::test_agg_trades_rejects_invalid_bounds::case_2_bounds ... ok
test spot::http::client::tests::test_parse_book_snapshot_response_rejects_negative_quantity ... ok
test spot::http::client::tests::test_parse_book_snapshot_response_rejects_negative_update_id ... ok
test spot::http::client::tests::test_quota_from_unknown_interval_returns_none ... ok
test spot::http::client::tests::test_rate_limit_config ... ok
test spot::http::client::tests::test_sbe_schema_header ... ok
test spot::http::client::tests::test_schema_constants ... ok
test futures::websocket::streams::recovery::tests::test_recovery_reconcile_fails_when_both_queries_fail ... ok
test spot::http::client::tests::test_spot_agg_trades_from_json_preserves_all_fields ... ok
test spot::http::client::tests::test_spot_account_from_json_preserves_all_fields ... ok
test futures::websocket::streams::recovery::tests::test_recovery_reconcile_includes_position_id::case_1 ... ok
test spot::http::client::tests::test_spot_trades_from_json_preserves_all_fields ... ok
test futures::websocket::streams::recovery::tests::test_recovery_reconcile_fails_orders_with_unresolved_metadata::case_1 ... ok
test spot::http::models::tests::test_avg_price_deserialize ... ok
test spot::http::client::tests::test_spot_klines_from_json_preserves_all_fields ... ok
test spot::http::models::tests::test_batch_cancel_result_error ... ok
test spot::http::models::tests::test_batch_order_result_error ... ok
test spot::http::models::tests::test_batch_cancel_result_success ... ok
test spot::http::client::tests::test_spot_cancel_replace_json_uses_nested_new_order_response ... ok
test futures::websocket::streams::recovery::tests::test_recovery_reconcile_fails_orders_with_unresolved_metadata::case_2 ... ok
test futures::websocket::streams::recovery::tests::test_recovery_reconcile_includes_position_id::case_2 ... ok
test spot::http::models::tests::test_batch_order_result_success ... ok
test spot::http::models::tests::test_listen_key_response_deserialize ... ok
test spot::http::models::tests::test_book_ticker_deserialize ... ok
test spot::http::models::tests::test_trade_fee_deserialize ... ok
test spot::http::parse::tests::test_decode_account_empty_balances ... ok
test spot::http::models::tests::test_ticker_24hr_deserialize ... ok
test spot::http::models::tests::test_ticker_price_deserialize ... ok
test spot::http::parse::tests::test_decode_account_trades_empty ... ok
test spot::http::parse::tests::test_decode_account_with_balances ... ok
test spot::http::parse::tests::test_decode_agg_trades_preserves_all_fields ... ok
test spot::http::parse::tests::test_decode_account_trades_multiple ... ok
test spot::http::parse::tests::test_decode_agg_trades_rejects_wrong_template ... ok
test spot::http::parse::tests::test_decode_cancel_open_orders_valid ... ok
test spot::http::parse::tests::test_decode_cancel_order_future_block_length ... ok
test spot::http::parse::tests::test_decode_cancel_order_valid ... ok
test spot::http::parse::tests::test_decode_depth_empty_book ... ok
test spot::http::parse::tests::test_decode_depth_valid ... ok
test spot::http::parse::tests::test_decode_depth_wrong_template ... ok
test spot::http::parse::tests::test_decode_exchange_info_empty ... ok
test spot::http::parse::tests::test_decode_exchange_info_multiple_symbols ... ok
test spot::http::parse::tests::test_decode_exchange_info_single_symbol ... ok
test spot::http::parse::tests::test_decode_exchange_info_wrong_template ... ok
test spot::http::parse::tests::test_decode_new_order_full_v3_block_length ... ok
test spot::http::parse::tests::test_decode_klines_valid ... ok
test spot::http::parse::tests::test_decode_new_order_full_v3_captures_expiry_reason_value ... ok
test spot::http::parse::tests::test_decode_new_order_full_valid ... ok
test spot::http::parse::tests::test_decode_order_expiry_reason::case_1_pre_v4_no_expiry_reason ... ok
test spot::http::parse::tests::test_decode_order_future_block_length ... ok
test spot::http::parse::tests::test_decode_order_expiry_reason::case_2_v4_null_sentinel ... ok
test spot::http::parse::tests::test_decode_order_expiry_reason::case_3_v4_captures_value ... ok
test spot::http::parse::tests::test_decode_orders_invalid_utf8 ... ok
test spot::http::parse::tests::test_decode_orders_pre_v4_block_returns_no_expiry_reason ... ok
test spot::http::parse::tests::test_decode_orders_empty ... ok
test spot::http::parse::tests::test_decode_orders_v4_captures_expiry_reason_value ... ok
test spot::http::parse::tests::test_decode_order_valid ... ok
test spot::http::parse::tests::test_decode_orders_truncated_var_string ... ok
test spot::http::parse::tests::test_decode_ping_schema_mismatch ... ok
test spot::http::parse::tests::test_decode_orders_v4_trailing_expiry_reason ... ok
test spot::http::parse::tests::test_decode_server_time_accepts_any_version::case_1 ... ok
test spot::http::parse::tests::test_decode_ping_valid ... ok
test spot::http::parse::tests::test_decode_ping_wrong_template ... ok
test spot::http::parse::tests::test_decode_orders_multiple ... ok
test spot::http::parse::tests::test_decode_server_time_accepts_any_version::case_2 ... ok
test spot::http::parse::tests::test_decode_server_time_accepts_any_version::case_3 ... ok
test spot::http::parse::tests::test_decode_ping_buffer_too_short ... ok
test spot::http::parse::tests::test_decode_server_time_accepts_any_version::case_4 ... ok
test spot::http::parse::tests::test_decode_server_time_buffer_too_short ... ok
test spot::http::parse::tests::test_decode_server_time_valid ... ok
test spot::http::parse::tests::test_decode_server_time_wrong_template ... ok
test spot::http::parse::tests::test_decode_trades_empty ... ok
test spot::http::parse::tests::test_decode_trades_valid ... ok
test spot::http::parse::tests::test_decode_trades_wrong_template ... ok
test spot::http::query::market_data_tests::test_agg_trades_params_serialization ... ok
test spot::sbe::stream::best_bid_ask::tests::test_decode_truncated_body ... ok
test spot::sbe::stream::best_bid_ask::tests::test_decode_truncated_header ... ok
test spot::sbe::stream::best_bid_ask::tests::test_decode_valid ... ok
test spot::sbe::stream::best_bid_ask::tests::test_decode_validated_matches_decode ... ok
test spot::sbe::stream::best_bid_ask::tests::test_decode_wrong_schema ... ok
test spot::sbe::stream::depth_diff::tests::test_decode_empty_updates ... ok
test spot::sbe::stream::depth_diff::tests::test_decode_truncated ... ok
test spot::sbe::stream::depth_diff::tests::test_decode_valid ... ok
test spot::sbe::stream::depth_diff::tests::test_decode_validated_matches_decode ... ok
test spot::sbe::stream::depth_diff::tests::test_decode_wrong_schema ... ok
test spot::sbe::stream::depth_snapshot::tests::test_decode_empty_books ... ok
test spot::sbe::stream::depth_snapshot::tests::test_decode_truncated ... ok
test spot::sbe::stream::depth_snapshot::tests::test_decode_valid ... ok
test spot::sbe::stream::depth_snapshot::tests::test_decode_validated_matches_decode ... ok
test spot::sbe::stream::depth_snapshot::tests::test_decode_wrong_schema ... ok
test spot::sbe::stream::tests::test_decode_var_string8_empty_buffer ... ok
test spot::sbe::stream::tests::test_decode_var_string8_truncated ... ok
test spot::sbe::stream::tests::test_mantissa_to_f64 ... ok
test spot::sbe::stream::tests::test_decode_error_conversion_preserves_new_variants ... ok
test spot::sbe::stream::tests::test_group_size_too_large ... ok
test spot::sbe::stream::tests::test_decode_var_string8_valid ... ok
test spot::sbe::stream::trades::tests::test_decode_truncated_trades ... ok
test spot::sbe::stream::trades::tests::test_decode_valid_multiple_trades ... ok
test spot::sbe::stream::tests::test_schema_validation ... ok
test spot::sbe::stream::tests::test_message_header_too_short ... ok
test spot::sbe::stream::trades::tests::test_decode_valid_single_trade ... ok
test spot::sbe::stream::trades::tests::test_decode_validated_matches_decode ... ok
test spot::sbe::stream::trades::tests::test_decode_wrong_schema ... ok
test spot::websocket::public_json::client::tests::test_normalize_spot_json_stream_url::case_1 ... ok
test spot::websocket::public_json::client::tests::test_normalize_spot_json_stream_url::case_2 ... ok
test spot::websocket::public_json::client::tests::test_normalize_spot_json_stream_url::case_3 ... ok
test spot::websocket::public_json::client::tests::test_cancelled_close_retains_connection_slot ... ok
test spot::websocket::public_json::client::tests::test_subscribe_batches_same_slot_streams_in_single_command ... ok
test spot::websocket::public_json::client::tests::test_unsubscribe_all_streams_clears_slot_state ... ok
test spot::websocket::public_json::client::tests::test_subscribe_reuses_existing_stream_and_only_subscribes_new_one ... ok
test spot::websocket::public_json::client::tests::test_unsubscribe_batches_same_slot_streams_in_single_command ... ok
test spot::websocket::public_json::client::tests::test_with_proxy_preserves_proxy_url ... ok
test spot::websocket::public_json::client::tests::test_unsubscribe_removes_only_target_stream_when_sibling_still_subscribed ... ok
test spot::websocket::public_json::handler::tests::test_handle_raw_message_emits_reconnected_signal ... ok
test spot::websocket::public_json::handler::tests::test_handle_raw_message_error_with_id_emits_error ... ok
test spot::websocket::public_json::handler::tests::test_handle_stream_data_emits_server_shutdown ... ok
test spot::websocket::public_json::handler::tests::test_parse_partial_depth_with_symbol_uppercases_symbol_from_stream_name ... ok
test spot::websocket::public_json::handler::tests::test_handle_stream_data_parses_book_ticker_without_event_type ... ok
test spot::websocket::public_json::parse::tests::test_parse_book_ticker_accepts_zero_bid_size ... ok
test spot::websocket::public_json::parse::tests::test_parse_book_ticker_preserves_decimal_precision ... ok
test spot::websocket::public_json::handler::tests::test_stale_responses_do_not_mutate_latest_subscription_request ... ok
test spot::websocket::public_json::handler::tests::test_subscription_responses_preserve_unsubscribe_intent_until_acknowledged ... ok
test spot::websocket::public_json::parse::tests::test_parse_closed_one_second_kline_preserves_extended_fields ... ok
test spot::websocket::public_json::handler::tests::test_subscription_intent_is_preserved_without_active_client ... ok
test spot::websocket::public_json::parse::tests::test_parse_depth_snapshot_sets_last_flag_when_final_level_skipped ... ok
test spot::websocket::public_json::parse::tests::test_parse_open_kline_returns_none ... ok
test spot::websocket::public_json::parse::tests::test_parse_depth_diff_sets_delete_actions_and_last_flag_on_final_ask ... ok
test spot::websocket::public_json::parse::tests::test_parse_spot_ticker_preserves_all_fields ... ok
test spot::websocket::public_json::parse::tests::test_parse_trade_falls_back_for_invalid_timestamp::case_1_negative ... ok
test spot::websocket::public_json::parse::tests::test_parse_spot_ticker_rejects_invalid_decimal ... ok
test spot::websocket::public_json::parse::tests::test_parse_trade_falls_back_for_invalid_timestamp::case_2_overflow ... ok
test spot::websocket::streams::client::tests::test_new_rejects_hmac_secret_with_actionable_error ... ok
test spot::websocket::public_json::parse::tests::test_parse_trade_preserves_decimal_precision ... ok
test spot::websocket::streams::client::tests::test_cancelled_close_retains_connection_slot ... ok
test spot::websocket::streams::client::tests::test_with_proxy_preserves_proxy_url ... ok
test spot::websocket::streams::handler::tests::test_classify_unsolicited_json_invalid_returns_empty ... ok
test spot::websocket::streams::handler::tests::test_classify_unsolicited_json_server_shutdown_emits_variant ... ok
test spot::websocket::streams::parse::tests::test_decode_empty_buffer ... ok
test spot::websocket::streams::handler::tests::test_classify_unsolicited_json_unrelated_emits_raw_json ... ok
test spot::websocket::streams::handler::tests::test_handle_text_frame_error_with_id_emits_error_and_clears_pending_request ... ok
test spot::websocket::streams::parse::tests::test_decode_short_buffer ... ok
test spot::websocket::streams::parse::tests::test_decode_unknown_template ... ok
test spot::websocket::streams::parse::tests::test_decode_wrong_schema ... ok
test spot::websocket::streams::parse::tests::test_decode_valid_best_bid_ask ... ok
test spot::websocket::streams::parse::tests::test_parse_bbo_event ... ok
test spot::websocket::streams::parse::tests::test_parse_bbo_event_falls_back_for_invalid_timestamp::case_1_negative ... ok
test spot::websocket::streams::parse::tests::test_parse_bbo_event_falls_back_for_invalid_timestamp::case_2_overflow ... ok
test spot::websocket::streams::parse::tests::test_parse_depth_diff ... ok
test spot::websocket::streams::parse::tests::test_parse_depth_diff_empty_returns_none ... ok
test spot::websocket::streams::parse::tests::test_parse_depth_snapshot ... ok
test spot::websocket::streams::parse::tests::test_parse_depth_snapshot_empty_returns_none ... ok
test spot::websocket::streams::parse::tests::test_parse_trades_event ... ok
test spot::websocket::streams::subscription::tests::test_stream_names ... ok
test spot::websocket::trading::client::tests::test_operational_options_are_preserved ... ok
test spot::websocket::trading::decode_sbe::tests::test_decode_account_position_multiple_balances ... ok
test spot::websocket::trading::decode_sbe::tests::test_decode_account_position_single_balance ... ok
test spot::websocket::trading::decode_sbe::tests::test_decode_account_position_truncated_header ... ok
test spot::websocket::trading::decode_sbe::tests::test_decode_account_position_wrong_template ... ok
test spot::websocket::trading::decode_sbe::tests::test_decode_account_position_zero_balances ... ok
test spot::websocket::trading::decode_sbe::tests::test_decode_balance_update_truncated_header ... ok
test spot::websocket::trading::decode_sbe::tests::test_decode_balance_update_wrong_template ... ok
test spot::websocket::trading::decode_sbe::tests::test_decode_balance_update ... ok
test spot::websocket::trading::decode_sbe::tests::test_decode_captured_account_position ... ok
test spot::websocket::trading::decode_sbe::tests::test_decode_execution_report_canceled ... ok
test spot::websocket::trading::decode_sbe::tests::test_decode_captured_execution_report_canceled ... ok
test spot::websocket::trading::decode_sbe::tests::test_decode_captured_execution_report_new ... ok
test spot::websocket::trading::decode_sbe::tests::test_decode_execution_report_expiry_reason ... ok
test spot::websocket::trading::decode_sbe::tests::test_decode_execution_report_new_limit ... ok
test spot::websocket::trading::decode_sbe::tests::test_decode_execution_report_rejects_short_declared_block ... ok
test spot::websocket::trading::decode_sbe::tests::test_decode_execution_report_rejects_truncated_variable_data ... ok
test spot::websocket::trading::decode_sbe::tests::test_decode_execution_report_rejects_short_version_2_block ... ok
test spot::websocket::trading::decode_sbe::tests::test_decode_execution_report_stop_loss_limit ... ok
test spot::websocket::trading::decode_sbe::tests::test_decode_execution_report_trade_fill ... ok
test spot::websocket::trading::decode_sbe::tests::test_decode_execution_report_truncated_header ... ok
test spot::websocket::trading::decode_sbe::tests::test_decode_execution_report_wrong_template ... ok
test spot::websocket::trading::decode_sbe::tests::test_mantissa_to_decimal_parametrized::case_3_zero_negative_exp ... ok
test spot::websocket::trading::decode_sbe::tests::test_mantissa_to_decimal_parametrized::case_2_btc_one ... ok
test spot::websocket::trading::decode_sbe::tests::test_mantissa_to_decimal_parametrized::case_1_typical_price ... ok
test spot::websocket::trading::decode_sbe::tests::test_mantissa_to_decimal_parametrized::case_4_zero_zero_exp ... ok
test spot::websocket::trading::decode_sbe::tests::test_mantissa_to_decimal_parametrized::case_5_whole_no_scale ... ok
test spot::websocket::trading::decode_sbe::tests::test_mantissa_to_decimal_parametrized::case_6_positive_exponent ... ok
test spot::websocket::trading::decode_sbe::tests::test_mantissa_to_decimal_parametrized::case_7_small_fractional ... ok
test spot::websocket::trading::decode_sbe::tests::test_mantissa_to_decimal_parametrized::case_8_negative_mantissa ... ok
test spot::websocket::trading::decode_sbe::tests::test_mantissa_to_decimal_parametrized::case_9_large_positive_exponent ... ok
test spot::websocket::trading::decode_sbe::tests::test_mantissa_to_decimal_string_basic ... ok
test spot::websocket::trading::decode_sbe::tests::test_map_expiry_reason::case_02_exchange_canceled ... ok
test spot::websocket::trading::decode_sbe::tests::test_map_expiry_reason::case_03_oco_trigger ... ok
test spot::websocket::trading::decode_sbe::tests::test_map_expiry_reason::case_01_rejected ... ok
test spot::websocket::trading::decode_sbe::tests::test_map_expiry_reason::case_05_unfilled_ioc_quantity_expired ... ok
test spot::websocket::trading::decode_sbe::tests::test_map_expiry_reason::case_04_oto_phase_one_expired ... ok
test spot::websocket::trading::decode_sbe::tests::test_map_expiry_reason::case_07_insufficient_liquidity ... ok
test spot::websocket::trading::decode_sbe::tests::test_map_expiry_reason::case_06_unfilled_fok_order_expired ... ok
test spot::websocket::trading::decode_sbe::tests::test_map_expiry_reason::case_08_execution_rule_price_range_exceeded ... ok
test spot::websocket::trading::decode_sbe::tests::test_map_expiry_reason::case_09_non_representable ... ok
test spot::websocket::trading::decode_sbe::tests::test_us_to_ms ... ok
test spot::websocket::trading::decode_sbe::tests::test_us_to_ms_preserves_negative_submillisecond_value ... ok
test spot::websocket::trading::handler::tests::test_classify_user_data_event_server_shutdown_emits_variant ... ok
test spot::websocket::trading::decode_sbe::tests::test_map_expiry_reason::case_10_null_val ... ok
test spot::websocket::trading::handler::tests::test_classify_user_data_event_server_shutdown_missing_event_time_defaults_to_zero ... ok
test spot::websocket::trading::handler::tests::test_classify_user_data_event_unknown_returns_none ... ok
test spot::websocket::trading::handler::tests::test_parse_server_shutdown_event_time_ms::case_1_microseconds_converted_to_ms ... ok
test spot::websocket::trading::handler::tests::test_parse_server_shutdown_event_time_ms::case_2_zero ... ok
test spot::websocket::trading::handler::tests::test_parse_server_shutdown_event_time_ms::case_3_negative ... ok
test spot::websocket::trading::handler::tests::test_parse_server_shutdown_event_time_ms_short_buffer_returns_zero ... ok
test spot::websocket::trading::parse::tests::test_parse_account_position_precision_drift ... ok
test spot::websocket::trading::handler::tests::test_sign_params_includes_recv_window_in_signature ... ok
test spot::websocket::trading::parse::tests::test_parse_account_position ... ok
test spot::websocket::trading::parse::tests::test_parse_execution_report_falls_back_for_invalid_timestamp::case_1_negative ... ok
test spot::websocket::trading::parse::tests::test_parse_execution_report_limit_maker_sets_post_only ... ok
test spot::websocket::trading::parse::tests::test_parse_execution_report_falls_back_for_invalid_timestamp::case_2_overflow ... ok
test spot::websocket::trading::parse::tests::test_parse_execution_report_partial_fill_computes_avg_px ... ok
test spot::websocket::trading::parse::tests::test_parse_execution_report_rejects_overflowing_avg_px ... ok
test spot::websocket::trading::parse::tests::test_parse_execution_report_stop_loss_has_trigger_price ... ok
test spot::websocket::trading::parse::tests::test_parse_execution_report_to_fill_rejects_invalid_client_order_id ... ok
test spot::websocket::trading::parse::tests::test_parse_execution_report_to_fill_rejects_invalid_commission ... ok
test spot::websocket::trading::parse::tests::test_parse_execution_report_to_fill_report ... ok
test spot::websocket::trading::parse::tests::test_parse_execution_report_to_order_status_rejects_invalid_client_order_id::case_2_whitespace ... ok
test spot::websocket::trading::parse::tests::test_parse_execution_report_to_order_status_rejects_invalid_client_order_id::case_1_empty ... ok
test spot::websocket::trading::parse::tests::test_parse_execution_report_to_order_status_rejects_invalid_client_order_id::case_3_non_ascii ... ok
test spot::websocket::trading::parse::tests::test_parse_execution_report_to_order_status_rejects_invalid_client_order_id::case_4_malformed_prefixed ... ok
test spot::websocket::trading::parse::tests::test_parse_execution_report_to_order_status_rejects_invalid_quantity ... ok
test spot::websocket::trading::parse::tests::test_parse_order_status_expired_respects_treat_as_canceled::case_1_as_expired ... ok
test spot::websocket::trading::parse::tests::test_parse_execution_report_to_order_status_report ... ok
test common::execution::tests::test_await_account_registered_returns_when_account_is_added ... ok
test spot::websocket::trading::parse::tests::test_parse_order_status_expired_respects_treat_as_canceled::case_2_as_canceled ... ok
test spot::websocket::trading::user_data::tests::test_deserialize_account_position ... ok
test spot::websocket::trading::user_data::tests::test_deserialize_balance_update ... ok
test spot::websocket::trading::user_data::tests::test_deserialize_execution_report_canceled ... ok
test spot::websocket::trading::user_data::tests::test_deserialize_execution_report_expiry_reason ... ok
test spot::websocket::trading::user_data::tests::test_deserialize_execution_report_trade ... ok
test spot::websocket::trading::user_data::tests::test_deserialize_execution_report_new ... ok
test common::encoder::tests::bench_encode_decode_timing ... ok
test common::execution::tests::test_abort_pending_tasks_aborts_running_tasks ... ok

test result: ok. 977 passed; 0 failed; 0 ignored; 0 measured; 0 filtered out; finished in 1.01s

     Running tests\futures.rs (E:/persarb/nautilus_trader/target\nextest\deps\futures-89bc31830233d8b0.exe)

running 233 tests
test data_client::test_request_bars_rejects_non_venue_bar_types::case_2 ... ok
test data_client::test_request_historical_binance_bars_rejects_non_venue_bar_types::case_1 ... ok
test data_client::test_request_bars_rejects_non_venue_bar_types::case_1 ... ok
test data_client::test_request_historical_binance_bars_rejects_non_venue_bar_types::case_2 ... ok
test data_client::test_request_unsupported_custom_data_returns_ok ... ok
test data_client::test_request_open_interest_requires_instrument_id_metadata ... ok
test data_client::test_client_creation ... ok
test data_client::test_request_historical_binance_bars_routes_futures_product::case_1_usdm ... ok
test data_client::test_request_historical_binance_bars_routes_futures_product::case_2_coinm ... ok
test data_client::test_disconnect_sets_state ... ok
test data_client::test_connect_emits_instruments ... ok
test data_client::test_request_bounded_aggregate_trades_routes_futures_product::case_2_coinm ... ok
test data_client::test_request_bounded_aggregate_trades_routes_futures_product::case_3_start_only ... ok
test data_client::test_request_bounded_aggregate_trades_routes_futures_product::case_4_end_only ... ok
test data_client::test_connect_emits_socket_state_changes ... ok
test data_client::test_request_bounded_aggregate_trades_routes_futures_product::case_1_usdm ... ok
test data_client::test_request_book_snapshot_returns_exact_futures_book ... ok
test data_client::test_connect_disconnect_reconnect ... ok
test data_client::test_subscribe_bars_emits_core_and_binance_bars ... ok
test data_client::test_subscribe_l1_mbp_uses_book_ticker_and_rejects_invalid_depth ... ok
test exec_client::test_algo_report_by_client_id_enriches_from_actual_order ... ok
test exec_client::test_algo_report_by_client_id_falls_back_when_actual_order_enrichment_fails ... ok
test exec_client::test_algo_report_falls_back_when_actual_order_conversion_fails ... ok
test data_client::test_request_open_interest_hist_coinm_uses_pair_and_contract_type_mapping ... ok
test data_client::test_request_funding_rates_emits_response ... ok
test data_client::test_request_open_interest_hist_coinm_delivery_uses_exchange_contract_type ... ok
test data_client::test_delivery_instrument_connects_and_subscribes_with_raw_symbol::case_2_coinm ... ok
test data_client::test_request_open_interest_hist_usdm_emits_batch_custom_data_response ... ok
test data_client::test_request_open_interest_coinm_uses_symbol_mapping ... ok
test data_client::test_request_open_interest_usdm_emits_custom_data_response ... ok
test exec_client::test_cancel_all_orders_completes ... ok
test exec_client::test_cached_regular_order_id_collision_skips_algo_fallback ... ok
test exec_client::test_cached_algo_actual_order_id_uses_client_id_fallback ... ok
test exec_client::test_bounded_mass_status_marks_unresolved_historical_fills_incomplete ... ok
test exec_client::test_cancel_order_completes ... ok
test exec_client::test_cancel_order_ws_rejection_emits_cancel_rejected ... ok
test exec_client::test_client_creation ... ok
test exec_client::test_client_creation_rejects_spot_product_type ... ok
test data_client::test_unsubscribe_custom_liquidations_all_market ... ok
test data_client::test_unsubscribe_trades ... ok
test data_client::test_unsubscribe_custom_liquidations_for_instrument ... ok
test data_client::test_subscribe_custom_liquidations_for_instrument ... ok
test data_client::test_subscribe_trades ... ok
test data_client::test_subscribe_mark_prices ... ok
test data_client::test_subscribe_trades_and_quotes_simultaneously ... ok
test data_client::test_subscribe_quotes ... ok
test data_client::test_subscribe_custom_liquidations_all_market ... ok
test data_client::test_subscribe_book_deltas_accepts_first_overlapping_diff_with_older_pu ... ok
test data_client::test_unsubscribe_quotes ... ok
test data_client::test_subscribe_custom_ticker_for_instrument_emits_custom_data ... ok
test data_client::test_subscribe_book_deltas ... ok
test exec_client::test_connect_loads_instruments_and_account ... ok
test exec_client::test_connect_succeeds_when_set_leverage_rejected ... ok
test exec_client::test_futures_reconciliation_rejects_spot_identity_before_query ... ok
test exec_client::test_explicit_venue_submit_rejection_emits_order_rejected ... ok
test exec_client::test_explicit_venue_cancel_rejection_emits_cancel_rejected ... ok
test exec_client::test_explicit_venue_modify_rejection_emits_modify_rejected ... ok
test exec_client::test_generate_fill_reports_enforces_complete_history_boundary::case_1_usdm_wholly_before ... ok
test exec_client::test_generate_fill_reports_enforces_complete_history_boundary::case_2_usdm_crossing ... ok
test exec_client::test_delivery_reconciliation_emits_open_order_and_position_reports ... ok
test exec_client::test_generate_fill_reports_enforces_complete_history_boundary::case_3_usdm_exact_boundary ... ok
test exec_client::test_generate_fill_reports_rejects_end_only_range ... ok
test exec_client::test_generate_fill_reports_rejects_stale_command_boundary ... ok
test exec_client::test_generate_fill_reports_enforces_complete_history_boundary::case_4_coinm_wholly_before ... ok
test exec_client::test_generate_fill_reports_enforces_complete_history_boundary::case_6_coinm_exact_boundary ... ok
test exec_client::test_generate_fill_reports_enforces_complete_history_boundary::case_5_coinm_crossing ... ok
test exec_client::test_generate_mass_status_rejects_overflowing_lookback ... ok
test exec_client::test_generate_mass_status_filters_fills_before_report_window ... ok
test exec_client::test_generate_mass_status_includes_stable_fill_identity::case_1 ... ok
test exec_client::test_generate_mass_status_fails_on_invalid_fill ... ok
test exec_client::test_generate_mass_status_exposes_fill_history_coverage::case_2_exact_boundary ... ok
test exec_client::test_generate_mass_status_exposes_fill_history_coverage::case_1_crossing ... ok
test exec_client::test_generate_mass_status_includes_stable_fill_identity::case_2 ... ok
test exec_client::test_generate_mass_status_preserves_regular_and_algo_gtd_expiry ... ok
test exec_client::test_generate_mass_status_restores_close_position_quantities ... ok
test exec_client::test_generate_mass_status_uses_execution_instruments_without_shared_cache ... ok
test exec_client::test_historical_algo_report_bypasses_regular_order_id_collision ... ok
test exec_client::test_generate_mass_status_uses_maximum_fill_history_by_default ... ok
test exec_client::test_generate_mass_status_splits_fill_lookback_into_supported_windows ... ok
test exec_client::test_historical_algo_report_client_id_not_found_returns_none ... ok
test exec_client::test_generate_open_order_reports_restores_close_position_quantities ... ok
test exec_client::test_historical_algo_report_rejects_non_matching_history_result ... ok
test exec_client::test_historical_reconciliation_skips_unresolved_instrument_before_query ... ok
test exec_client::test_open_reconciliation_applies_only_explicit_load_id_scope::case_2_no_explicit_ids ... ok
test exec_client::test_modify_order_ws_rejection_emits_modify_rejected ... ok
test exec_client::test_open_reconciliation_applies_only_explicit_load_id_scope::case_1_explicitly_out_of_scope ... ok
test exec_client::test_open_reconciliation_applies_only_explicit_load_id_scope::case_3_load_all_ignores_ids ... ok
test exec_client::test_per_order_batch_cancel_rejection_emits_cancel_rejected ... ok
test exec_client::test_position_reconciliation_rejects_unresolved_instrument_before_query ... ok
test exec_client::test_generate_mass_status_paginates_fill_reports::case_1 ... ok
test exec_client::test_position_report_generation_preserves_hedge_legs::case_1 ... ok
test exec_client::test_position_report_generation_preserves_hedge_legs::case_2 ... ok
test exec_client::test_query_account_does_not_block_within_runtime ... ok
test exec_client::test_generate_mass_status_paginates_fill_reports::case_2 ... ok
test exec_client::test_position_report_failures_warn_with_count_and_mass_status_counts_hedge_legs ... ok
test exec_client::test_query_order_bypasses_regular_order_id_collision ... ok
test exec_client::test_report_generation_uses_binance_symbol_for_futures_symbol ... ok
test exec_client::test_report_generation_without_instrument_matches_raw_symbol_responses::case_1 ... ok
test exec_client::test_report_generation_without_instrument_matches_raw_symbol_responses::case_2 ... ok
test exec_client::test_startup_reconciliation_preserves_both_hedge_legs::case_1 ... ok
test exec_client::test_startup_reconciliation_preserves_both_hedge_legs::case_2 ... ok
test exec_client::test_startup_reconciliation_preserves_both_hedge_legs::case_3 ... ok
test exec_client::test_startup_reconciliation_preserves_both_hedge_legs::case_4 ... ok
test exec_client::test_submit_close_position_with_reduce_only_is_denied_locally::case_1_hedge ... ok
test exec_client::test_submit_close_position_with_reduce_only_is_denied_locally::case_2_one_way ... ok
test exec_client::test_submit_hedge_order_list_rejects_custom_position_id_before_request ... ok
test exec_client::test_submit_hedge_order_rejects_custom_position_id_before_request ... ok
test exec_client::test_batch_cancel_uses_binance_symbol_for_futures_symbol ... ok
test exec_client::test_submit_order_list_denies_linked_conditional_orders_without_batch_submit ... ok
test exec_client::test_delivery_order_routing_uses_raw_binance_symbol ... ok
test exec_client::test_cancel_order_ws_uses_binance_symbol_for_futures_symbol ... ok
test data_client::test_unsubscribe_custom_ticker_for_instrument_sends_stream_unsubscribe ... ok
test exec_client::test_delivery_reports_use_raw_binance_symbol ... ok
test exec_client::test_modify_order_completes ... ok
test exec_client::test_mixed_batch_cancel_splits_id_lists_and_maps_rejections ... ok
test exec_client::test_submit_close_position_in_hedge_mode_emits_closing_position_side::case_1_close_long_leg ... ok
test exec_client::test_submit_algo_order_in_hedge_mode_omits_reduce_only ... ok
test exec_client::test_query_order_uses_binance_symbol_for_futures_symbol ... ok
test exec_client::test_submit_close_position_in_hedge_mode_emits_closing_position_side::case_2_close_short_leg ... ok
test exec_client::test_submit_order_generates_submitted_event ... ok
test exec_client::test_submit_order_list_posts_batch_orders_for_independent_limits ... ok
test exec_client::test_submit_order_ws_reduce_only_respects_position_mode::case_1_one_way ... ok
test exec_client::test_submit_partial_exit_position_side_follows_reduce_only::case_1_sell_opens_short_without_reduce_only ... ok
test data_client::test_delivery_instrument_connects_and_subscribes_with_raw_symbol::case_1_usdm ... ok
test data_client::test_top_of_book_reference_count_shares_quote_and_l1_stream ... ok
test data_client::test_unsubscribe_all_market_restores_specific_liquidation_streams ... ok
test exec_client::test_submit_order_ws_reduce_only_respects_position_mode::case_2_hedge ... ok
test exec_client::test_unknown_order_id_collision_does_not_query_algo_by_venue_id ... ok
test exec_client::test_submit_partial_exit_position_side_follows_reduce_only::case_2_sell_closes_long_with_reduce_only ... ok
test exec_client::test_submit_partial_exit_position_side_follows_reduce_only::case_3_buy_opens_long_without_reduce_only ... ok
test exec_client::test_order_trade_update_rejects_missing_precision_metadata ... ok
test exec_client::test_submit_reduce_only_limit_order_respects_position_mode::case_2_hedge ... ok
test exec_client::test_submit_reduce_only_limit_order_respects_position_mode::case_1_one_way ... ok
test exec_client::test_submit_partial_exit_position_side_follows_reduce_only::case_4_buy_closes_short_with_reduce_only ... ok
test exec_client::test_query_order_cached_regular_id_collision_skips_algo_fallback ... ok
test exec_client::test_query_order_cached_algo_actual_id_uses_client_id_fallback ... ok
test exec_client::test_submit_trailing_stop_order_uses_activate_price_and_precise_callback_rate ... ok
test exec_client::test_submit_usdm_gtd_algo_uses_http_when_ws_trading_is_active ... ok
test data_client::test_subscribe_book_deltas_keeps_buffered_diffs_across_overlap_retry ... ok
test exec_client::test_submit_order_with_price_match_sends_price_match_and_omits_price ... ok
test exec_client::test_submit_usdm_gtd_order_list_encodes_each_expiry ... ok
test exec_client::test_submit_usdm_gtd_order_encodes_expiry_over_http ... ok
test http::test_account_requires_credentials ... ok
test http::test_cancel_all_orders ... ok
test http::test_all_orders_history ... ok
test http::test_account_with_credentials ... ok
test http::test_public_market_data_request_missing_cached_instrument_returns_lookup_error::case_1_trades ... ok
test http::test_public_market_data_request_missing_cached_instrument_returns_lookup_error::case_2_bars ... ok
test http::test_raw_client_accepts_demo_environment ... ok
test data_client::test_subscribe_custom_liquidations_overlap_routes_single_event ... ok
test http::test_listen_key_creation ... ok
test http::test_depth ... ok
test http::test_hedge_mode_query ... ok
test http::test_non_trading_instrument_retains_raw_precision_metadata::case_1_usdm ... ok
test http::test_exchange_info ... ok
test http::test_open_interest_hist_public_path ... ok
test http::test_non_trading_instrument_retains_raw_precision_metadata::case_2_coinm ... ok
test http::test_open_orders_with_credentials ... ok
test websocket_streams::test_client_accepts_demo_environment ... ok
test http::test_order_query ... ok
test http::test_order_cancellation ... ok
test http::test_order_submission ... ok
test websocket_streams::test_client_debug_redacts_url ... ok
test websocket_streams::test_default_client_creation_coinm ... ok
test websocket_streams::test_default_client_creation_usdm ... ok
test data_client::test_unsubscribed_custom_ticker_frame_is_ignored ... ok
test websocket_streams::test_invalid_product_type_rejected ... ok
test http::test_ping ... ok
test http::test_rate_limit_triggers ... ok
test http::test_position_risk_with_credentials ... ok
test http::test_request_delivery_instrument_populates_cache_and_status::case_1_usdm ... ok
test data_client::test_subscribe_book_deltas_waits_for_first_depth_update_before_snapshot ... ok
test http::test_server_time ... ok
test http::test_request_instruments_parses_tradifi_perpetual_exchange_info ... ok
test http::test_request_delivery_instrument_populates_cache_and_status::case_2_coinm ... ok
test http::test_request_delivery_order_status_reports_without_instrument_id::case_2_coinm ... ok
test http::test_request_instruments_applies_filters_and_retains_raw_metadata ... ok
test http::test_request_delivery_order_status_reports_without_instrument_id::case_1_usdm ... ok
test http::test_user_trades ... ok
test http::test_signed_request_includes_configured_recv_window ... ok
test exec_client::test_cancel_order_ws_local_venue_order_id_parse_failure_does_not_emit_cancel_rejected ... ok
test websocket_streams::test_client_connection ... ok
test websocket_streams::test_is_active_false_before_connect ... ok
test exec_client::test_ambiguous_cancel_failure_does_not_emit_cancel_rejected ... ok
test websocket_streams::test_is_active_lifecycle ... ok
test websocket_streams::test_pool_creates_second_connection_on_overflow ... ok
test exec_client::test_ambiguous_modify_failure_does_not_emit_modify_rejected ... ok
test exec_client::test_ambiguous_submit_failure_does_not_emit_order_rejected ... ok
test exec_client::test_cancel_order_http_local_venue_order_id_parse_failure_falls_back_to_client_order_id ... ok
test data_client::test_rapid_all_market_unsubscribe_does_not_route_all_market_as_specific ... ok
test websocket_trading::test_command_send_failure_emits_request_failed_not_rejection::case_1 ... ok
test websocket_trading::test_command_send_failure_emits_request_failed_not_rejection::case_2 ... ok
test websocket_trading::test_command_send_failure_emits_request_failed_not_rejection::case_3 ... ok
test websocket_trading::test_default_client_creation ... ok
test websocket_streams::test_client_disconnect ... ok
test websocket_streams::test_pool_duplicate_subscribe_ignored ... ok
test websocket_trading::test_cancel_order_accepted ... ok
test websocket_trading::test_cancel_order_rejected ... ok
test websocket_streams::test_subscribe_multiple_streams ... ok
test websocket_streams::test_subscribe_futures_specific_streams ... ok
test websocket_streams::test_pool_single_batch_under_limit_uses_one_connection ... ok
test websocket_streams::test_pool_unsubscribe_frees_capacity ... ok
test websocket_streams::test_pool_streams_distributed_across_slots ... ok
test websocket_streams::test_subscribe_request_format ... ok
test websocket_streams::test_subscribe_single_stream ... ok
test websocket_trading::test_client_connection ... ok
test websocket_trading::test_is_active_false_before_connect ... ok
test websocket_streams::test_subscription_count ... ok
test data_client::test_subscribe_book_deltas_retries_transient_depth_snapshot_failure ... ok
test websocket_trading::test_modify_order_accepted ... ok
test websocket_trading::test_cancel_order_request_format ... ok
test websocket_trading::test_place_order_accepted ... ok
test websocket_trading::test_modify_order_rejected ... ok
test websocket_trading::test_place_order_rejected ... ok
test websocket_trading::test_request_id_increments ... ok
test websocket_trading::test_client_disconnect ... ok
test exec_client::test_unknown_status_submit_rejection_does_not_emit_order_rejected::case_2 ... ok
test exec_client::test_unknown_status_submit_rejection_does_not_emit_order_rejected::case_1 ... ok
test exec_client::test_whole_batch_cancel_failure_does_not_emit_per_order_cancel_rejected ... ok
test websocket_streams::test_unsubscribe_request_format ... ok
test websocket_streams::test_delayed_subscribe_response_does_not_restore_unsubscribed_stream ... ok
test websocket_streams::test_unsubscribe_stream ... ok
test websocket_trading::test_modify_order_request_format ... ok
test websocket_trading::test_place_order_request_format ... ok
test websocket_streams::test_is_active_false_during_reconnection ... ok
test websocket_streams::test_reconnection_after_server_drop ... ok
test exec_client::test_disconnect_sets_state ... ok
test exec_client::test_connect_disconnect_reconnect ... ok
test data_client::test_subscribe_book_deltas_rejects_gap_after_snapshot_seam_update ... ok
test exec_client::test_submit_usdm_gtd_order_encodes_expiry_over_ws ... ok
test websocket_streams::test_rapid_consecutive_reconnections ... ok
test websocket_streams::test_connection_failure_invalid_url ... ok
test websocket_trading::test_connection_failure_invalid_url ... ok

test result: ok. 233 passed; 0 failed; 0 ignored; 0 measured; 0 filtered out; finished in 2.79s

     Running tests\spot.rs (E:/persarb/nautilus_trader/target\nextest\deps\spot-5c6590b6cabe5632.exe)

running 147 tests
test data_client::test_request_historical_binance_bars_rejects_non_venue_bar_types::case_2 ... ok
test data_client::test_request_historical_binance_bars_rejects_non_venue_bar_types::case_1 ... ok
test data_client::test_request_bars_rejects_non_venue_bar_types::case_2 ... ok
test data_client::test_request_bars_rejects_non_venue_bar_types::case_1 ... ok
test data_client::test_subscribe_bars_rejects_spot_sbe_transport ... ok
test data_client::test_client_creation ... ok
test data_client::test_subscribe_spot_ticker_rejects_sbe_transport ... ok
test exec_client::test_client_creation ... ok
test data_client::test_connect_emits_instruments ... ok
test data_client::test_disconnect_sets_state ... ok
test data_client::test_connect_emits_socket_state_and_registers_reconnect::case_1_sbe ... ok
test data_client::test_request_book_snapshot_returns_exact_spot_book ... ok
test data_client::test_connect_disconnect_reconnect ... ok
test data_client::test_request_bounded_aggregate_trades_routes_spot_bounds ... ok
test data_client::test_request_historical_one_second_binance_bars_preserves_fields ... ok
test data_client::test_connect_emits_socket_state_and_registers_reconnect::case_2_json ... ok
test exec_client::test_connect_loads_instruments_and_account ... ok
test exec_client::test_explicit_venue_modify_rejection_emits_modify_rejected ... ok
test exec_client::test_explicit_venue_cancel_rejection_emits_cancel_rejected ... ok
test exec_client::test_generate_fill_reports_rejects_reversed_time_range ... ok
test exec_client::test_explicit_venue_submit_rejection_emits_order_rejected ... ok
test exec_client::test_generate_mass_status_discovers_fill_instrument_from_venue_order ... ok
test exec_client::test_generate_mass_status_rejects_overflowing_lookback ... ok
test exec_client::test_generate_fill_reports_uses_supported_order_cursor_query ... ok
test exec_client::test_generate_mass_status_propagates_invalid_fill_response ... ok
test exec_client::test_generate_mass_status_splits_fill_lookback_into_supported_windows ... ok
test exec_client::test_generate_mass_status_uses_execution_instrument_for_retained_order ... ok
test exec_client::test_generate_mass_status_paginates_fill_reports::case_1 ... ok
test exec_client::test_generate_mass_status_paginates_fill_reports::case_2 ... ok
test exec_client::test_generate_mass_status_paginates_fill_reports::case_3 ... ok
test exec_client::test_local_submit_failure_emits_order_rejected ... ok
test exec_client::test_local_modify_failure_emits_modify_rejected ... ok
test exec_client::test_query_account_does_not_block_within_runtime ... ok
test exec_client::test_per_order_batch_cancel_rejection_emits_cancel_rejected ... ok
test exec_client::test_submit_independent_order_list_is_denied_without_http_request ... ok
test data_client::test_subscribe_l1_mbp_uses_sbe_best_bid_ask ... ok
test data_client::test_subscribe_l1_mbp_uses_json_top_of_book_and_rejects_invalid_depth ... ok
test data_client::test_subscribe_spot_ticker_emits_custom_data ... ok
test data_client::test_subscribe_book_deltas_with_partial_depth_stream ... ok
test data_client::test_unsubscribe_trades ... ok
test data_client::test_subscribe_one_second_bars_emits_core_and_binance_bars ... ok
test data_client::test_subscribe_trades ... ok
test data_client::test_subscribe_quotes ... ok
test data_client::test_unsubscribe_quotes ... ok
test data_client::test_subscribe_book_deltas_json_full_depth_replays_buffered_diff_after_snapshot ... ok
test data_client::test_subscribe_book_deltas_full_depth_replays_buffered_diff_after_snapshot ... ok
test exec_client::test_submit_spot_native_gtd_rejects_before_submission ... ok
test exec_client::test_cancel_all_orders_generates_canceled_events ... ok
test exec_client::test_modify_order_generates_events ... ok
test exec_client::test_cancel_order_generates_canceled_event ... ok
test exec_client::test_ws_trading_session_logon_rejection_fails_connect ... ok
test exec_client::test_ws_trading_user_data_subscribe_rejection_fails_connect ... ok
test http::test_account_requires_credentials ... ok
test http::test_account_with_credentials_succeeds ... ok
test http::test_cancel_all_orders_requires_credentials ... ok
test http::test_cancel_all_orders_with_credentials_succeeds ... ok
test http::test_cancel_order_requires_credentials ... ok
test http::test_cancel_order_with_credentials_succeeds ... ok
test http::test_depth_returns_order_book ... ok
test http::test_domain_cancel_all_orders ... ok
test http::test_domain_cancel_order ... ok
test http::test_domain_client_applies_instrument_selection_fallback_fees_and_cache_replacement ... ok
test http::test_domain_client_request_instruments ... ok
test http::test_domain_client_uses_exact_spot_commission_rates_when_enabled ... ok
test http::test_domain_request_bars ... ok
test http::test_domain_request_fill_reports ... ok
test http::test_domain_request_order_status ... ok
test http::test_domain_request_order_status_reports_history ... ok
test http::test_domain_request_order_status_reports_open ... ok
test http::test_domain_request_order_status_returns_none_for_missing_order ... ok
test http::test_domain_request_trades ... ok
test http::test_domain_submit_order ... ok
test http::test_exchange_info_returns_symbols ... ok
test http::test_my_trades_requires_credentials ... ok
test http::test_my_trades_with_credentials_succeeds ... ok
test http::test_new_order_requires_credentials ... ok
test http::test_new_order_with_credentials_succeeds ... ok
test http::test_open_orders_requires_credentials ... ok
test http::test_open_orders_with_credentials_succeeds ... ok
test http::test_ping_returns_success ... ok
test http::test_public_market_data_request_missing_cached_instrument_returns_lookup_error::case_1_trades ... ok
test http::test_public_market_data_request_missing_cached_instrument_returns_lookup_error::case_2_bars ... ok
test http::test_rate_limit_triggers_after_threshold ... ok
test http::test_server_time_returns_valid_timestamp ... ok
test http::test_trades_returns_recent_trades ... ok
test data_client::test_subscribe_trades_and_quotes_simultaneously ... ok
test exec_client::test_submit_spot_locally_managed_gtd_encodes_gtc ... ok
test websocket_streams::test_client_connection ... ok
test websocket_streams::test_default_client_creation ... ok
test exec_client::test_ws_trading_auth_timeout_fails_connect ... ok
test exec_client::test_ws_trading_user_data_subscribe_timeout_fails_connect ... ok
test websocket_streams::test_client_disconnect ... ok
test data_client::test_subscribe_book_deltas_full_depth_keeps_buffered_diffs_across_overlap_retry ... ok
test websocket_streams::test_is_active_false_before_connect ... ok
test exec_client::test_query_order_missing_order_emits_no_order_report ... ok
test websocket_streams::test_is_active_lifecycle ... ok
test websocket_streams::test_pool_creates_second_connection_on_overflow ... ok
test exec_client::test_submit_order_rejects_inactive_user_stream ... ok
test data_client::test_subscribe_book_deltas_full_depth_waits_for_first_diff_before_snapshot ... ok
test exec_client::test_oco_order_list_response_parse_failure_does_not_emit_order_rejected ... ok
test exec_client::test_ambiguous_submit_failure_does_not_emit_order_rejected ... ok
test exec_client::test_ambiguous_cancel_failure_does_not_emit_cancel_rejected ... ok
test exec_client::test_ambiguous_modify_failure_does_not_emit_modify_rejected ... ok
test exec_client::test_modify_response_parse_failure_does_not_emit_modify_rejected ... ok
test exec_client::test_local_cancel_failure_does_not_emit_cancel_rejected ... ok
test exec_client::test_submit_oco_order_list_http_success_waits_for_user_stream ... ok
test data_client::test_subscribe_book_deltas_json_full_depth_rebuilds_after_reconnect ... ok
test websocket_trading::test_command_send_failure_emits_request_failed_not_rejection::case_1 ... ok
test websocket_trading::test_command_send_failure_emits_request_failed_not_rejection::case_2 ... ok
test websocket_trading::test_command_send_failure_emits_request_failed_not_rejection::case_3 ... ok
test websocket_streams::test_pool_duplicate_subscribe_ignored ... ok
test websocket_streams::test_delayed_subscribe_response_does_not_restore_unsubscribed_stream ... ok
test exec_client::test_whole_batch_cancel_failure_does_not_emit_per_order_cancel_rejected ... ok
test exec_client::test_unknown_status_submit_rejection_does_not_emit_order_rejected::case_1 ... ok
test exec_client::test_unknown_status_submit_rejection_does_not_emit_order_rejected::case_2 ... ok
test exec_client::test_submit_response_parse_failure_does_not_emit_order_rejected ... ok
test websocket_streams::test_pool_single_batch_at_limit_uses_one_connection ... ok
test websocket_trading::test_client_connection ... ok
test websocket_streams::test_pool_unsubscribe_frees_capacity ... ok
test websocket_trading::test_client_disconnect ... ok
test websocket_trading::test_is_active_false_before_connect ... ok
test websocket_streams::test_subscribe_multiple_streams ... ok
test websocket_trading::test_next_request_id_increments ... ok
test websocket_trading::test_reconnection_clears_pending_requests ... ok
test websocket_streams::test_subscribe_single_stream ... ok
test websocket_streams::test_subscribe_request_format ... ok
test websocket_streams::test_subscription_count ... ok
test websocket_streams::test_reconnection_after_server_drop ... ok
test websocket_streams::test_is_active_false_during_reconnection ... ok
test websocket_trading::test_place_order_sends_correct_request ... ok
test websocket_streams::test_unsubscribe_request_format ... ok
test websocket_streams::test_unsubscribe_stream ... ok
test data_client::test_subscribe_book_deltas_full_depth_rejects_non_overlapping_first_diff ... ok
test exec_client::test_disconnect_sets_state ... ok
test exec_client::test_connect_disconnect_reconnect ... ok
test websocket_trading::test_order_rejection_via_json_error ... ok
test exec_client::test_ws_trading_success_routes_orders_over_ws ... ok
test exec_client::test_ws_trading_connect_retry_succeeds_after_setup_failure ... ok
test exec_client::test_submit_order_http_retries_rejected_reconnect_setup::case_1_authentication ... ok
test exec_client::test_submit_order_http_retries_rejected_reconnect_setup::case_2_subscription ... ok
test exec_client::test_binance_us_submit_order_uses_http_transport ... ok
test exec_client::test_submit_order_http_success_waits_for_user_stream ... ok
test exec_client::test_explicit_connect_ignores_prior_reconnect_setup_acknowledgments ... ok
test exec_client::test_submit_order_http_resubscribes_user_stream_after_reconnect ... ok
test websocket_streams::test_rapid_consecutive_reconnections ... ok
test websocket_streams::test_connection_failure_invalid_url ... ok
test websocket_trading::test_connection_failure_invalid_url ... ok

test result: ok. 147 passed; 0 failed; 0 ignored; 0 measured; 0 filtered out; finished in 2.74s

     Running unittests src\lib.rs (E:/persarb/nautilus_trader/target\nextest\deps\nautilus_hyperliquid-02ddc497f0e0bb0d.exe)

running 865 tests
test account::tests::test_resolve_execution_account_address_precedence::case_1 ... ok
test account::tests::test_resolve_execution_account_address_precedence::case_4 ... ok
test account::tests::test_resolve_execution_account_address_precedence::case_3 ... ok
test account::tests::test_resolve_execution_account_address_precedence::case_2 ... ok
test account::tests::test_resolve_execution_account_address_uses_env_private_key_fallback ... ok
test account::tests::test_resolve_execution_account_address_uses_signer_fallback ... ok
test account_scope::tests::incomplete_http_is_rejected::case_1 ... ok
test account_scope::tests::incorrect_ws_identity_or_dex_invalidates::case_2 ... ok
test account_scope::tests::epoch_ack_transport_and_age_are_independent_trust_requirements ... ok
test account_scope::tests::generic_invalidation_revokes_attribution::case_1 ... ok
test account_scope::tests::invalid_private_source_and_refresh_start_cannot_preserve_or_rebuild_context ... ok
test account_scope::tests::explicit_ws_source_expires_even_when_receive_is_fresh ... ok
test account::tests::test_resolve_execution_account_address_precedence::case_5 ... ok
test account_scope::tests::changed_position_size_invalidates_and_malformed_position_cannot_be_flat ... ok
test account_scope::tests::collateral_uses_explicit_token_index_and_exact_identity ... ok
test account_scope::tests::generic_invalidation_revokes_attribution::case_2 ... ok
test account_scope::tests::generic_invalidation_revokes_attribution::case_3 ... ok
test account_scope::tests::attribution_membership_uses_latest_active_metadata_not_cached_ids ... ok
test account_scope::tests::generic_invalidation_revokes_attribution::case_4 ... ok
test account::tests::test_resolve_execution_account_address_rejects_invalid_selected_vault ... ok
test account_scope::tests::incomplete_http_is_rejected::case_2 ... ok
test account_scope::tests::incomplete_http_is_rejected::case_3 ... ok
test account_scope::tests::incomplete_http_is_rejected::case_4 ... ok
test account_scope::tests::incomplete_http_is_rejected::case_5 ... ok
test account_scope::tests::incomplete_http_is_rejected::case_6 ... ok
test account_scope::tests::incorrect_ws_identity_or_dex_invalidates::case_1 ... ok
test account_scope::tests::incorrect_ws_identity_or_dex_invalidates::case_3 ... ok
test account_scope::tests::attribution_independently_checks_reader_epoch_ack_and_verification_age ... ok
test account_scope::tests::missing_facts_never_mean_flat ... ok
test account_scope::tests::only_direct_user_identity_is_supported::case_1 ... ok
test account_scope::tests::latest_private_funds_are_separate_from_http_provenance ... ok
test account_scope::tests::only_direct_user_identity_is_supported::case_2 ... ok
test account_scope::tests::only_direct_user_identity_is_supported::case_4 ... ok
test account_scope::tests::only_direct_user_identity_is_supported::case_3 ... ok
test account_scope::tests::replacement_context_cannot_certify_an_old_source_in_the_same_epoch ... ok
test account_scope::tests::stale_private_source_revokes_detached_attribution ... ok
test account_scope::tests::snapshot_json_decimals_are_exact_strings_and_no_source_time_is_invented ... ok
test account_scope::tests::validated_position_change_preserves_attribution_without_funds_trust ... ok
test account_scope::tests::ws_source_time_stays_unknown_and_pnl_changes_do_not_invalidate_rest ... ok
test common::builder_fee::tests::test_build_approval_action_payload ... ok
test common::builder_fee::tests::test_build_approval_action_testnet_chain ... ok
test common::builder_fee::tests::test_approval_signing_hash_varies_with_inputs ... ok
test common::consts::tests::test_constants_values ... ok
test common::consts::tests::test_exchange_url ... ok
test common::builder_fee::tests::test_derive_address_known_key ... ok
test common::consts::tests::test_info_url ... ok
test common::consts::tests::test_ws_url ... ok
test common::converters::tests::test_determine_tpsl_type ... ok
test common::converters::tests::test_conditional_order_type_conversions ... ok
test common::converters::tests::test_hyperliquid_to_nautilus_limit ... ok
test common::converters::tests::test_hyperliquid_to_nautilus_stop_limit ... ok
test common::converters::tests::test_hyperliquid_to_nautilus_stop_market ... ok
test common::converters::tests::test_hyperliquid_to_nautilus_take_profit_limit ... ok
test common::converters::tests::test_hyperliquid_to_nautilus_take_profit_market ... ok
test common::converters::tests::test_nautilus_to_hyperliquid_limit_order ... ok
test common::builder_fee::tests::test_sign_approve_builder_fee_recovers_signer ... ok
test common::converters::tests::test_nautilus_to_hyperliquid_stop_limit ... ok
test common::converters::tests::test_nautilus_to_hyperliquid_stop_market ... ok
test common::converters::tests::test_nautilus_to_hyperliquid_take_profit_limit ... ok
test common::converters::tests::test_nautilus_to_hyperliquid_take_profit_market ... ok
test common::converters::tests::test_outcome_asset_id_to_wire_symbols ... ok
test common::converters::tests::test_outcome_asset_id_to_wire_symbols_rejects_non_outcome ... ok
test common::converters::tests::test_outcome_asset_id_from_instrument_id_accepts_all_forms::case_3 ... ok
test common::converters::tests::test_outcome_asset_id_from_instrument_id_accepts_all_forms::case_4 ... ok
test common::converters::tests::test_outcome_asset_id_from_instrument_id_accepts_all_forms::case_1 ... ok
test common::converters::tests::test_outcome_asset_id_from_instrument_id_accepts_all_forms::case_2 ... ok
test common::converters::tests::test_outcome_asset_id_to_instrument_id_yes_side ... ok
test common::converters::tests::test_outcome_asset_id_instrument_id_roundtrip ... ok
test common::converters::tests::test_time_in_force_conversions ... ok
test account_scope::tests::exact_negative_free_and_equity_are_retained_without_money_clamping ... ok
test common::converters::tests::test_unsupported_time_in_force_returns_error::case_1 ... ok
test common::converters::tests::test_unsupported_time_in_force_returns_error::case_2 ... ok
test common::converters::tests::test_unsupported_time_in_force_returns_error::case_3 ... ok
test common::converters::tests::test_unsupported_time_in_force_returns_error::case_4 ... ok
test common::converters::tests::test_unsupported_time_in_force_returns_error::case_5 ... ok
test common::credential::tests::test_evm_private_key_creation ... ok
test common::credential::tests::test_evm_private_key_debug_redacts ... ok
test common::credential::tests::test_evm_private_key_invalid_hex ... ok
test common::credential::tests::test_evm_private_key_invalid_length ... ok
test common::credential::tests::test_evm_private_key_without_0x_prefix ... ok
test common::credential::tests::test_normalize_address ... ok
test common::credential::tests::test_secrets_from_json ... ok
test common::credential::tests::test_secrets_from_json_minimal ... ok
test common::credential::tests::test_vault_address_creation ... ok
test common::credential::tests::test_vault_address_debug_redacts_middle ... ok
test common::credential::tests::test_vault_address_without_0x_prefix ... ok
test common::enums::tests::error_parsing_tests::test_normalization_preserves_original_in_unknown ... ok
test common::enums::tests::error_parsing_tests::test_parse_empty_error ... ok
test common::enums::tests::error_parsing_tests::test_parse_insufficient_margin ... ok
test common::enums::tests::error_parsing_tests::test_parse_insufficient_margin_case_variations ... ok
test common::enums::tests::error_parsing_tests::test_parse_insufficient_spot_balance ... ok
test common::enums::tests::error_parsing_tests::test_parse_invalid_trigger_price ... ok
test common::enums::tests::error_parsing_tests::test_parse_ioc_no_match ... ok
test common::enums::tests::error_parsing_tests::test_parse_max_position ... ok
test common::enums::tests::error_parsing_tests::test_parse_min_notional_perp ... ok
test common::enums::tests::error_parsing_tests::test_parse_min_notional_spot ... ok
test common::enums::tests::error_parsing_tests::test_parse_missing_order ... ok
test common::enums::tests::error_parsing_tests::test_parse_no_liquidity ... ok
test common::enums::tests::error_parsing_tests::test_parse_open_interest_increase ... ok
test common::enums::tests::error_parsing_tests::test_parse_oracle_error ... ok
test common::enums::tests::error_parsing_tests::test_parse_position_flip_at_oi_cap ... ok
test common::enums::tests::error_parsing_tests::test_parse_position_increase_at_oi_cap ... ok
test common::enums::tests::error_parsing_tests::test_parse_post_only_match ... ok
test common::enums::tests::error_parsing_tests::test_parse_post_only_with_hyphen ... ok
test common::enums::tests::error_parsing_tests::test_parse_reduce_only_violation ... ok
test common::enums::tests::error_parsing_tests::test_parse_reduce_only_with_hyphen ... ok
test common::enums::tests::error_parsing_tests::test_parse_tick_size_error_case_insensitive ... ok
test common::enums::tests::error_parsing_tests::test_parse_tick_size_error ... ok
test common::enums::tests::error_parsing_tests::test_parse_too_aggressive_at_oi_cap ... ok
test common::enums::tests::error_parsing_tests::test_parse_unknown_error ... ok
test common::enums::tests::error_parsing_tests::test_parse_whitespace_only ... ok
test common::enums::tests::test_aggressor_side_from_hyperliquid_side ... ok
test common::enums::tests::test_conditional_order_type_conversions ... ok
test common::enums::tests::test_conditional_order_type_round_trip ... ok
test common::enums::tests::test_conditional_order_type_serialization ... ok
test common::enums::tests::test_fill_direction_serde ... ok
test common::enums::tests::test_fill_direction_unknown_is_lenient ... ok
test common::enums::tests::test_hyperliquid_tpsl_serialization ... ok
test common::enums::tests::test_hyperliquid_tpsl_deserialization ... ok
test common::enums::tests::test_info_request_type_outcome_meta_as_str ... ok
test common::enums::tests::test_info_request_type_recent_trades_as_str ... ok
test common::enums::tests::test_liquidity_flag_from_crossed ... ok
test common::enums::tests::test_order_side_from_hyperliquid_side ... ok
test common::enums::tests::test_order_status_conversion ... ok
test common::enums::tests::test_order_status_serde_deserialization ... ok
test common::enums::tests::test_order_type_enum_coverage ... ok
test common::enums::tests::test_position_type_unknown_is_lenient ... ok
test common::enums::tests::test_product_type_from_symbol::case_1 ... ok
test common::enums::tests::test_product_type_from_symbol::case_2 ... ok
test common::enums::tests::test_product_type_from_symbol::case_3 ... ok
test common::enums::tests::test_product_type_from_symbol::case_4 ... ok
test common::enums::tests::test_product_type_from_symbol::case_5 ... ok
test common::enums::tests::test_product_type_from_symbol::case_6 ... ok
test common::enums::tests::test_product_type_from_symbol::case_7 ... ok
test common::enums::tests::test_product_type_from_symbol::case_8 ... ok
test common::enums::tests::test_product_type_from_symbol_rejects_invalid::case_01 ... ok
test common::enums::tests::test_product_type_from_symbol_rejects_invalid::case_02 ... ok
test common::enums::tests::test_product_type_from_symbol_rejects_invalid::case_03 ... ok
test common::enums::tests::test_product_type_from_symbol_rejects_invalid::case_04 ... ok
test common::enums::tests::test_product_type_from_symbol_rejects_invalid::case_05 ... ok
test common::enums::tests::test_product_type_from_symbol_rejects_invalid::case_06 ... ok
test common::enums::tests::test_product_type_from_symbol_rejects_invalid::case_07 ... ok
test common::enums::tests::test_product_type_from_symbol_rejects_invalid::case_08 ... ok
test common::enums::tests::test_product_type_from_symbol_rejects_invalid::case_09 ... ok
test common::enums::tests::test_product_type_from_symbol_rejects_invalid::case_10 ... ok
test common::enums::tests::test_product_type_from_symbol_rejects_invalid::case_11 ... ok
test common::enums::tests::test_product_type_from_symbol_rejects_invalid::case_12 ... ok
test common::enums::tests::test_reduce_only ... ok
test common::enums::tests::test_reject_code_from_error_string ... ok
test common::enums::tests::test_reject_code_from_api_error ... ok
test common::enums::tests::test_side_from_order_side ... ok
test common::enums::tests::test_side_serde ... ok
test common::enums::tests::test_time_in_force_serde ... ok
test common::enums::tests::test_trailing_offset_type_serialization ... ok
test common::enums::tests::test_twap_status_unknown_is_lenient ... ok
test common::models::tests::test_configuration ... ok
test common::models::tests::test_decimal_level_parsing_uses_declared_precision ... ok
test common::models::tests::test_delta_removal_rejects_invalid_size_precision ... ok
test common::models::tests::test_hyperliquid_account_event_balance_delta ... ok
test common::models::tests::test_delta_update_conversion ... ok
test common::models::tests::test_hyperliquid_account_event_balance_snapshot ... ok
test common::models::tests::test_hyperliquid_account_state_account_value ... ok
test common::models::tests::test_hyperliquid_account_state_creation ... ok
test common::models::tests::test_http_snapshot_conversion ... ok
test common::models::tests::test_hyperliquid_account_state_getters ... ok
test common::models::tests::test_hyperliquid_balance_creation_and_properties ... ok
test common::models::tests::test_hyperliquid_instrument_mini_info ... ok
test common::models::tests::test_instrument_cache_empty ... ok
test common::models::tests::test_hyperliquid_account_state_to_account_state_uses_from_total_and_free ... ok
test common::models::tests::test_instrument_info_creation ... ok
test common::models::tests::test_instrument_info_with_precision ... ok
test common::models::tests::test_instrument_cache_basic_operations ... ok
test common::models::tests::test_invalid_price_parsing ... ok
test common::models::tests::test_normalize_order_for_symbol ... ok
test common::models::tests::test_price_size_parsing ... ok
test common::models::tests::test_unconfigured_delta_preserves_source_precision ... ok
test common::parse::tests::test_cache_alias_for_symbol::case_1 ... ok
test common::parse::tests::test_cache_alias_for_symbol::case_2 ... ok
test common::parse::tests::test_cache_alias_for_symbol::case_3 ... ok
test common::parse::tests::test_cache_alias_for_symbol::case_4 ... ok
test common::models::tests::test_ws_snapshot_conversion ... ok
test common::parse::tests::test_cache_alias_for_symbol::case_5 ... ok
test common::parse::tests::test_cache_alias_for_symbol::case_6 ... ok
test common::parse::tests::test_cache_alias_for_symbol::case_7 ... ok
test common::parse::tests::test_cache_alias_for_symbol::case_8 ... ok
test common::parse::tests::test_clamp_price_to_precision::case_01 ... ok
test common::parse::tests::test_clamp_price_to_precision::case_02 ... ok
test common::parse::tests::test_clamp_price_to_precision::case_03 ... ok
test common::parse::tests::test_clamp_price_to_precision::case_04 ... ok
test common::parse::tests::test_clamp_price_to_precision::case_05 ... ok
test common::parse::tests::test_clamp_price_to_precision::case_06 ... ok
test common::parse::tests::test_clamp_price_to_precision::case_07 ... ok
test common::parse::tests::test_clamp_price_to_precision::case_08 ... ok
test common::parse::tests::test_clamp_price_to_precision::case_09 ... ok
test common::parse::tests::test_clamp_price_to_precision::case_10 ... ok
test common::parse::tests::test_decimal_precision_preservation ... ok
test common::parse::tests::test_decimal_serialization_roundtrip ... ok
test common::parse::tests::test_derive_limit_from_trigger::case_01 ... ok
test common::parse::tests::test_derive_limit_from_trigger::case_02 ... ok
test common::parse::tests::test_derive_limit_from_trigger::case_03 ... ok
test common::parse::tests::test_derive_limit_from_trigger::case_04 ... ok
test common::parse::tests::test_derive_limit_from_trigger::case_05 ... ok
test common::parse::tests::test_derive_limit_from_trigger::case_06 ... ok
test common::parse::tests::test_derive_limit_from_trigger::case_07 ... ok
test common::parse::tests::test_derive_limit_from_trigger::case_08 ... ok
test common::parse::tests::test_derive_limit_from_trigger::case_09 ... ok
test common::parse::tests::test_derive_limit_from_trigger::case_10 ... ok
test common::parse::tests::test_derive_limit_from_trigger_respects_bps::case_1 ... ok
test common::parse::tests::test_derive_limit_from_trigger_respects_bps::case_2 ... ok
test common::parse::tests::test_derive_limit_from_trigger_respects_bps::case_3 ... ok
test common::parse::tests::test_derive_limit_from_trigger_respects_bps::case_4 ... ok
test common::parse::tests::test_derive_limit_from_trigger_respects_bps::case_5 ... ok
test common::parse::tests::test_derive_limit_from_trigger_respects_bps::case_6 ... ok
test common::parse::tests::test_derive_limit_from_trigger_respects_bps::case_7 ... ok
test common::parse::tests::test_derive_market_order_price::case_01 ... ok
test common::parse::tests::test_derive_market_order_price::case_02 ... ok
test common::parse::tests::test_derive_market_order_price::case_03 ... ok
test common::parse::tests::test_derive_market_order_price::case_04 ... ok
test common::parse::tests::test_derive_market_order_price::case_05 ... ok
test common::parse::tests::test_derive_market_order_price::case_06 ... ok
test common::parse::tests::test_derive_market_order_price::case_07 ... ok
test common::parse::tests::test_derive_market_order_price::case_08 ... ok
test common::parse::tests::test_derive_market_order_price::case_09 ... ok
test common::parse::tests::test_derive_market_order_price::case_10 ... ok
test common::parse::tests::test_derive_market_order_price_respects_slippage_override ... ok
test common::parse::tests::test_edge_cases ... ok
test common::parse::tests::test_extract_inner_error_cancel_success ... ok
test common::parse::tests::test_extract_inner_error_modify_error ... ok
test common::parse::tests::test_extract_inner_error_cancel_error ... ok
test common::parse::tests::test_extract_inner_error_modify_success ... ok
test common::parse::tests::test_extract_inner_error_non_status_response ... ok
test common::parse::tests::test_extract_inner_error_order_resting ... ok
test common::parse::tests::test_extract_inner_error_order_with_error ... ok
test common::parse::tests::test_extract_inner_error_order_filled ... ok
test common::parse::tests::test_extract_inner_error_returns_first_error_in_batch ... ok
test common::parse::tests::test_extract_inner_error_unparsable_response ... ok
test common::parse::tests::test_extract_inner_errors_all_success ... ok
test common::parse::tests::test_extract_inner_errors_cancel_mixed ... ok
test common::parse::tests::test_extract_inner_errors_cancel_success ... ok
test common::parse::tests::test_extract_inner_errors_mixed_batch ... ok
test common::parse::tests::test_extract_inner_errors_modify_mixed ... ok
test common::parse::tests::test_extract_inner_errors_unparsable ... ok
test common::parse::tests::test_format_outcome_nautilus_symbol::case_1 ... ok
test common::parse::tests::test_format_outcome_nautilus_symbol::case_2 ... ok
test common::parse::tests::test_format_outcome_nautilus_symbol::case_3 ... ok
test common::parse::tests::test_format_trailing_stop_info ... ok
test common::parse::tests::test_is_conditional_order_data ... ok
test common::parse::tests::test_make_fill_trade_id_is_stable ... ok
test common::parse::tests::test_millisecond_timestamp_is_exact::case_1 ... ok
test common::parse::tests::test_millisecond_timestamp_is_exact::case_2 ... ok
test common::parse::tests::test_millisecond_timestamp_is_exact::case_3 ... ok
test common::parse::tests::test_millisecond_timestamp_overflow_is_rejected ... ok
test common::parse::tests::test_min_notional_validation ... ok
test common::parse::tests::test_normalize_order_complete ... ok
test common::parse::tests::test_normalize_order_min_notional_fail ... ok
test common::parse::tests::test_normalize_price ... ok
test common::parse::tests::test_normalize_quantity ... ok
test common::parse::tests::test_optional_none_handling ... ok
test common::parse::tests::test_order_to_request_stop_market_derives_limit_from_trigger::case_02 ... ok
test common::parse::tests::test_order_to_request_stop_market_derives_limit_from_trigger::case_01 ... ok
test common::parse::tests::test_order_to_request_stop_market_derives_limit_from_trigger::case_03 ... ok
test common::parse::tests::test_order_to_request_stop_market_derives_limit_from_trigger::case_04 ... ok
test common::parse::tests::test_order_to_request_stop_market_derives_limit_from_trigger::case_05 ... ok
test common::parse::tests::test_order_to_request_stop_market_derives_limit_from_trigger::case_06 ... ok
test common::parse::tests::test_order_to_request_stop_market_derives_limit_from_trigger::case_07 ... ok
test common::parse::tests::test_order_to_request_stop_market_derives_limit_from_trigger::case_08 ... ok
test common::parse::tests::test_order_to_request_stop_market_derives_limit_from_trigger::case_09 ... ok
test common::parse::tests::test_order_to_request_stop_market_derives_limit_from_trigger::case_10 ... ok
test common::parse::tests::test_outcome_token_from_nautilus_symbol::case_1 ... ok
test common::parse::tests::test_outcome_token_from_nautilus_symbol::case_2 ... ok
test common::parse::tests::test_outcome_token_from_nautilus_symbol::case_3 ... ok
test common::parse::tests::test_outcome_token_from_nautilus_symbol::case_4 ... ok
test common::parse::tests::test_outcome_token_from_nautilus_symbol::case_5 ... ok
test common::parse::tests::test_parse_account_balances_bumps_positive_total_when_withdrawable_exceeds ... ok
test common::parse::tests::test_parse_account_balances_preserves_negative_total_raw_usd ... ok
test common::parse::tests::test_parse_account_balances_returns_empty_when_no_cross_margin_summary ... ok
test common::parse::tests::test_parse_account_balances_uses_total_raw_usd_and_top_level_withdrawable ... ok
test common::parse::tests::test_parse_combined_deduplicates_usdc_when_perp_margin_used_non_zero ... ok
test common::parse::tests::test_parse_combined_deduplicates_usdc_when_perp_summary_present ... ok
test common::parse::tests::test_parse_combined_deduplicates_usdc_when_perp_total_raw_usd_negative ... ok
test common::parse::tests::test_parse_combined_deduplicates_usdc_when_perp_total_raw_usd_non_zero ... ok
test common::parse::tests::test_parse_combined_deduplicates_usdc_when_perp_withdrawable_non_zero ... ok
test common::parse::tests::test_parse_combined_surfaces_spot_usdc_when_perp_summary_zeroed_unified ... ok
test common::parse::tests::test_parse_combined_uses_spot_usdc_when_perp_summary_missing ... ok
test common::parse::tests::test_parse_order_status_with_trigger ... ok
test common::parse::tests::test_parse_outcome_nautilus_symbol::case_1 ... ok
test common::parse::tests::test_parse_outcome_nautilus_symbol::case_2 ... ok
test common::parse::tests::test_parse_outcome_nautilus_symbol::case_3 ... ok
test common::parse::tests::test_parse_outcome_nautilus_symbol::case_4 ... ok
test common::parse::tests::test_parse_outcome_nautilus_symbol_rejects_invalid::case_1 ... ok
test common::parse::tests::test_parse_outcome_nautilus_symbol_rejects_invalid::case_2 ... ok
test common::parse::tests::test_parse_outcome_nautilus_symbol_rejects_invalid::case_3 ... ok
test common::parse::tests::test_parse_outcome_nautilus_symbol_rejects_invalid::case_4 ... ok
test common::parse::tests::test_parse_outcome_nautilus_symbol_rejects_invalid::case_5 ... ok
test common::parse::tests::test_parse_outcome_nautilus_symbol_rejects_invalid::case_6 ... ok
test common::parse::tests::test_parse_outcome_nautilus_symbol_rejects_invalid::case_7 ... ok
test common::parse::tests::test_parse_outcome_nautilus_symbol_rejects_overflow::case_1 ... ok
test common::parse::tests::test_parse_outcome_nautilus_symbol_rejects_overflow::case_2 ... ok
test common::parse::tests::test_parse_outcome_nautilus_symbol_rejects_overflow::case_3 ... ok
test common::parse::tests::test_parse_outcome_symbol::case_1 ... ok
test common::parse::tests::test_parse_outcome_symbol::case_2 ... ok
test common::parse::tests::test_parse_outcome_symbol::case_3 ... ok
test common::parse::tests::test_parse_outcome_symbol::case_4 ... ok
test common::parse::tests::test_parse_outcome_symbol_rejects_invalid_values::case_1 ... ok
test common::parse::tests::test_parse_outcome_symbol_rejects_invalid_values::case_2 ... ok
test common::parse::tests::test_parse_outcome_symbol_rejects_invalid_values::case_3 ... ok
test common::parse::tests::test_parse_outcome_symbol_rejects_invalid_values::case_4 ... ok
test common::parse::tests::test_parse_outcome_symbol_rejects_invalid_values::case_5 ... ok
test common::parse::tests::test_parse_spot_account_balances_clamps_hold_to_total ... ok
test common::parse::tests::test_parse_spot_account_balances_emits_one_per_token ... ok
test common::parse::tests::test_parse_spot_account_balances_empty ... ok
test common::parse::tests::test_parse_trigger_order_type ... ok
test common::parse::tests::test_parse_trigger_price ... ok
test common::parse::tests::test_round_down_to_step ... ok
test common::parse::tests::test_round_down_to_tick ... ok
test common::parse::tests::test_round_to_sig_figs ... ok
test common::types::tests::test_asset_id_builder_perp ... ok
test common::types::tests::test_asset_id_from_outcome_encoding ... ok
test common::types::tests::test_asset_id_from_outcome_encoding_rejects_invalid_side ... ok
test common::types::tests::test_asset_id_from_outcome_encoding_rejects_overflow ... ok
test common::types::tests::test_asset_id_outcome ... ok
test common::types::tests::test_asset_id_outcome_accessors_non_outcome ... ok
test common::types::tests::test_asset_id_outcome_invalid_side_digit_not_outcome ... ok
test common::types::tests::test_asset_id_outcome_side_one ... ok
test common::types::tests::test_asset_id_perp ... ok
test common::types::tests::test_asset_id_outcome_invalid_side - should panic ... ok
test common::types::tests::test_asset_id_ranges_mutually_exclusive ... ok
test common::types::tests::test_asset_id_spot ... ok
test config::tests::test_data_config_debug_redacts_private_key ... ok
test config::tests::test_exec_config_debug_redacts_private_key ... ok
test config::tests::test_data_config_toml_stale_stream_settings ... ok
test config::tests::test_data_config_toml_minimal ... ok
test config::tests::test_exec_config_default_account_address_is_none ... ok
test config::tests::test_exec_config_toml_include_builder_attribution_false ... ok
test config::tests::test_exec_config_toml_empty_uses_defaults ... ok
test config::tests::test_exec_config_with_account_address ... ok
test data::tests::test_candle_to_bar_rejects_close_boundary_overflow ... ok
test data::tests::test_candle_to_bar_uses_causal_initialization_timestamp ... ok
test data::tests::test_check_stale_book_with_fresh_quote_flags_relative_staleness ... ok
test data::tests::test_check_stale_book_without_fresh_quote_is_not_flagged::case_1 ... ok
test data::tests::test_check_stale_book_without_fresh_quote_is_not_flagged::case_2 ... ok
test data::tests::test_filter_recent_trades_bounds_are_inclusive ... ok
test data::tests::test_filter_recent_trades_empty_snapshot_returns_empty ... ok
test data::tests::test_filter_recent_trades_end_equal_to_floor_keeps_floor_trade ... ok
test data::tests::test_filter_recent_trades_entirely_older_returns_empty ... ok
test data::tests::test_filter_recent_trades_full_window_returns_all ... ok
test data::tests::test_filter_recent_trades_limit_keeps_most_recent ... ok
test data::tests::test_filter_recent_trades_partial_keeps_in_range_subset ... ok
test data::tests::test_filter_recent_trades_within_window_filters_bounds ... ok
test data::tests::test_funding_entry_to_update_parses_positive_rate ... ok
test data::tests::test_data_client_stream_health_config_zero_disables_monitor::case_2 ... ok
test data::tests::test_data_client_stream_health_config_zero_disables_monitor::case_1 ... ok
test data::tests::test_data_client_recovery_requires_positive_cooldown ... ok
test data::tests::test_funding_entry_to_update_handles_negative_rate ... ok
test data::tests::test_parse_book_precision_params_both ... ok
test data::tests::test_parse_book_precision_params_none ... ok
test data::tests::test_funding_history_fixture_parses ... ok
test data::tests::test_funding_history_entry_rejects_invalid_rate ... ok
test data::tests::test_parse_book_precision_params_only_n_sig_figs ... ok
test data::tests::test_parse_book_precision_params_rejects_negative ... ok
test data::tests::test_parse_fast::case_1 ... ok
test data::tests::test_parse_fast::case_2 ... ok
test data::tests::test_parse_fast::case_3 ... ok
test data::tests::test_parse_fast::case_5 ... ok
test data::tests::test_parse_fast::case_4 ... ok
test data::tests::test_parse_fast_rejects_non_boolean::case_2 ... ok
test data::tests::test_parse_fast_rejects_non_boolean::case_3 ... ok
test data::tests::test_parse_fast_rejects_non_boolean::case_1 ... ok
test data::tests::test_parse_fast_rejects_non_boolean::case_5 ... ok
test data::tests::test_parse_fast_rejects_non_boolean::case_4 ... ok
test data::tests::test_parse_fast_rejects_non_boolean::case_6 ... ok
test data::tests::test_parse_l2_book_snapshot_empty_levels_yields_empty_book ... ok
test data::tests::test_parse_l2_book_snapshot_populates_both_sides ... ok
test data::tests::test_parse_l2_book_snapshot_skips_non_positive_size ... ok
test data::tests::test_parse_l2_book_snapshot_skips_zero_size_levels ... ok
test data::tests::test_parse_l2_book_snapshot_truncates_to_depth ... ok
test data::tests::test_parse_l2_book_snapshot_uses_venue_time_as_ts_event ... ok
test data::tests::test_stream_health_monitor_fresh_stream_does_not_warn ... ok
test data::tests::test_stream_health_monitor_new_update_resets_age_and_stale_count ... ok
test data::tests::test_stream_health_monitor_unsubscribe_removes_stream ... ok
test data::tests::test_stream_health_monitor_warning_cooldown_prevents_repeated_logs ... ok
test data::tests::test_recent_trades_fixture_parses_and_sorts ... ok
test data::tests::test_stream_health_monitor_warns_at_receive_threshold ... ok
test data::tests::test_stream_health_monitor_warns_once_after_threshold ... ok
test data::tests::test_stream_health_receive_resets_recovery_state ... ok
test data::tests::test_stream_health_recovery_first_breach_warns_even_past_cooldown ... ok
test data::tests::test_stream_health_recovery_ladder_escalates_and_resets ... ok
test data::tests::test_stream_health_update_extracts_tracked_market_data_messages ... ok
test data_types::tests::test_register_hyperliquid_custom_data_is_idempotent ... ok
test economics_scope::tests::exact_sum_never_rounds_a_small_payment_into_a_large_total ... ok
test economics_scope::tests::policy_rejects_unknown_or_unbounded_fields::case_1 ... ok
test economics_scope::tests::policy_rejects_unknown_or_unbounded_fields::case_3 ... ok
test economics_scope::tests::policy_rejects_unknown_or_unbounded_fields::case_5 ... ok
test economics_scope::tests::policy_rejects_unknown_or_unbounded_fields::case_4 ... ok
test economics_scope::tests::policy_rejects_unknown_or_unbounded_fields::case_2 ... ok
test economics_scope::tests::checkpoint_exclusive_owner_and_missing_initialized_file_fail_closed ... ok
test economics_scope::tests::only_phase_a_exact_strong_history_replay_can_preserve_current_ready ... ok
test economics_scope::tests::empty_or_invalid_envelopes_do_not_grant_attribution::case_1 ... ok
test economics_scope::tests::account_wide_ledger_has_no_fake_io_attribution_and_same_hash_effects_are_ambiguous ... ok
test execution::tests::oid_query_attaches_the_known_client_order_id ... ok
test execution::tests::oid_query_keeps_the_api_reported_client_order_id ... ok
test execution::tests::test_build_ouo_resize_request_sends_sibling_leaves_quantity ... ok
test execution::tests::test_can_fast_cancel_order_only_allows_plain_order_types::case_1_market ... ok
test execution::tests::test_can_fast_cancel_order_only_allows_plain_order_types::case_2_limit ... ok
test execution::tests::test_can_fast_cancel_order_only_allows_plain_order_types::case_3_stop_market ... ok
test execution::tests::test_can_fast_cancel_order_only_allows_plain_order_types::case_4_unknown ... ok
test execution::tests::test_cancel_replace_chains_second_corrective_reduce ... ok
test execution::tests::test_cancel_replace_corrective_uses_post_drain_buffered_fill ... ok
test execution::tests::test_cancel_replace_emits_target_total_quantity ... ok
test execution::tests::test_cancel_replace_fill_promotion_queues_corrective_reduce ... ok
test execution::tests::test_cancel_replace_no_corrective_when_filled_equals_target ... ok
test execution::tests::test_cancel_replace_no_corrective_without_in_flight_fill ... ok
test execution::tests::test_cancel_replace_queues_corrective_reduce_on_in_flight_fill ... ok
test execution::tests::test_cancel_replace_without_marker_falls_back_to_report_quantity ... ok
test execution::tests::test_determine_order_list_grouping::case_01_independent_orders ... ok
test execution::tests::test_determine_order_list_grouping::case_02_bracket_oto ... ok
test execution::tests::test_determine_order_list_grouping::case_03_bracket_oto_with_factory_ouo_children ... ok
test execution::tests::test_determine_order_list_grouping::case_04_oto_not_bracket_shaped ... ok
test execution::tests::test_determine_order_list_grouping::case_05_oco_all_reduce_only ... ok
test execution::tests::test_determine_order_list_grouping::case_06_oco_not_all_reduce_only ... ok
test execution::tests::test_determine_order_list_grouping::case_07_oto_with_non_oco_children ... ok
test execution::tests::test_determine_order_list_grouping::case_08_mixed_oco_and_plain_reduce_only ... ok
test execution::tests::test_determine_order_list_grouping::case_09_unlinked_oco_reduce_only ... ok
test execution::tests::test_determine_order_list_grouping::case_10_single_order ... ok
test execution::tests::test_filter_order_status_reports_for_command_filters_open_only ... ok
test execution::tests::test_filter_order_status_reports_for_command_filters_time_range_inclusively ... ok
test execution::tests::test_filter_order_status_reports_for_command_without_filters_preserves_reports ... ok
test execution::tests::test_handle_execution_report_external_terminal_evicts_cloid ... ok
test economics_scope::tests::empty_or_invalid_envelopes_do_not_grant_attribution::case_3 ... ok
test execution::tests::test_handle_execution_report_fill_under_filled_marker_promotes_and_evicts_cloid ... ok
test execution::tests::test_handle_execution_report_filled_marker_then_fill_evicts_on_fill ... ok
test execution::tests::test_handle_execution_report_open_status_preserves_cloid ... ok
test execution::tests::test_handle_execution_report_skip_keeps_cloid_mapping ... ok
test economics_scope::tests::empty_or_invalid_envelopes_do_not_grant_attribution::case_2 ... ok
test execution::tests::test_handle_execution_report_tracked_accepted_emits_typed_event ... ok
test execution::tests::test_post_rejection_preserves_exact_reason_when_ws_rejection_arrives_first ... ok
test execution::tests::test_handle_execution_report_tracked_terminal_evicts_cloid ... ok
test execution::tests::test_post_rejection_suppresses_late_raw_cloid_reject ... ok
test execution::tests::test_register_order_context_registers_regular_order ... ok
test execution::tests::test_register_order_context_skips_quote_quantity_order ... ok
test execution::tests::test_restored_active_bracket_rebuilds_ouo_without_reactivation ... ok
test execution::tests::test_split_fast_cancel_requests_preserves_request_entry_alignment ... ok
test execution::tests::test_staged_bracket_activation_links_ouo_siblings_once ... ok
test execution::tests::test_staged_bracket_child_cancel_preserves_other_child_for_parent_fill ... ok
test execution::tests::test_staged_bracket_parent_cancel_returns_all_unsubmitted_children ... ok
test execution::tests::test_validate_accepts_outcome_limit_order::case_1_gtc_post_only ... ok
test execution::tests::test_validate_accepts_outcome_limit_order::case_2_gtc_taker ... ok
test execution::tests::test_validate_accepts_outcome_limit_order::case_3_ioc_post_only ... ok
test execution::tests::test_validate_accepts_outcome_limit_order::case_4_ioc_taker ... ok
test execution::tests::test_validate_accepts_perp_limit_order ... ok
test execution::tests::test_validate_rejects_outcome_reduce_only ... ok
test execution::tests::test_validate_rejects_outcome_trigger_order ... ok
test execution::tests::test_validate_rejects_unsupported_symbol_suffix ... ok
test execution_scope::tests::entry_budget_uses_minimum_http_and_latest_private_funds::case_1 ... ok
test execution_scope::tests::entry_budget_uses_minimum_http_and_latest_private_funds::case_2 ... ok
test economics_scope::tests::runtime_bound_preserves_prior_durable_facts_and_does_not_evict_pending ... ok
test execution_scope::tests::entry_budget_uses_minimum_http_and_latest_private_funds::case_4 ... ok
test execution_scope::tests::entry_budget_uses_minimum_http_and_latest_private_funds::case_3 ... ok
test execution_scope::tests::durable_journal_rejects_changed_tif_and_forged_reservation ... ok
test execution_scope::tests::explicit_policy_rejects_unknown_nonexact_or_unbounded_fields::case_1 ... ok
test execution_scope::tests::explicit_policy_rejects_unknown_nonexact_or_unbounded_fields::case_2 ... ok
test execution_scope::tests::explicit_policy_rejects_unknown_nonexact_or_unbounded_fields::case_3 ... ok
test execution_scope::tests::explicit_policy_rejects_unknown_nonexact_or_unbounded_fields::case_4 ... ok
test execution_scope::tests::explicit_policy_rejects_unknown_nonexact_or_unbounded_fields::case_5 ... ok
test execution_scope::tests::explicit_policy_rejects_unknown_nonexact_or_unbounded_fields::case_6 ... ok
test execution_scope::tests::missing_real_trade_facts_are_never_manufactured::case_1 ... ok
test execution_scope::tests::missing_real_trade_facts_are_never_manufactured::case_2 ... ok
test economics_scope::tests::conflict_before_consumption_excludes_both_cash_candidates ... ok
test execution_scope::tests::missing_real_trade_facts_are_never_manufactured::case_3 ... ok
test execution_scope::tests::native_instrument_identity_never_uses_ticker_equivalence::case_1 ... ok
test execution_scope::tests::native_instrument_identity_never_uses_ticker_equivalence::case_2 ... ok
test execution_scope::tests::native_instrument_identity_never_uses_ticker_equivalence::case_3 ... ok
test execution_scope::tests::raw_financial_facts_preserve_rebate_and_do_not_add_builder_fee_twice ... ok
test execution_scope::tests::raw_trade_identity_detects_financial_and_owned_oid_conflicts::case_1 ... ok
test execution_scope::tests::raw_trade_identity_detects_financial_and_owned_oid_conflicts::case_2 ... ok
test execution_scope::tests::raw_trade_identity_detects_financial_and_owned_oid_conflicts::case_3 ... ok
test execution_scope::tests::raw_trade_identity_detects_financial_and_owned_oid_conflicts::case_4 ... ok
test execution_scope::tests::wire_precision_respects_quantity_and_integer_price_exception::case_1 ... ok
test execution_scope::tests::wire_precision_respects_quantity_and_integer_price_exception::case_2 ... ok
test execution_scope::tests::wire_precision_respects_quantity_and_integer_price_exception::case_3 ... ok
test execution_scope::tests::wire_precision_respects_quantity_and_integer_price_exception::case_4 ... ok
test execution_scope::tests::wire_precision_respects_quantity_and_integer_price_exception::case_5 ... ok
test factories::tests::test_hyperliquid_data_client_config_implements_client_config ... ok
test factories::tests::test_hyperliquid_data_client_factory_creation ... ok
test factories::tests::test_hyperliquid_data_client_factory_default ... ok
test factories::tests::test_hyperliquid_exec_client_config_implements_client_config ... ok
test factories::tests::test_hyperliquid_execution_client_factory_creation ... ok
test factories::tests::test_hyperliquid_data_client_factory_rejects_wrong_config_type ... ok
test factories::tests::test_hyperliquid_execution_client_factory_default ... ok
test factories::tests::test_hyperliquid_execution_client_factory_rejects_wrong_config_type ... ok
test http::client::tests::info_pretty_shape ... ok
test http::client::tests::resolve_perp_dex_name_infers_from_asset_name_when_perp_dexs_missing ... ok
test http::client::tests::resolve_perp_dex_name_prefers_perp_dexs_entry ... ok
test http::client::tests::resolve_perp_dex_name_uses_empty_string_for_default_dex ... ok
test http::client::tests::stable_json_roundtrips ... ok
test http::client::tests::test_builder_attribution_defaults_to_mainnet_builder ... ok
test http::client::tests::test_build_submit_order_report_elides_waiting_for_fill_tag ... ok
test http::client::tests::test_builder_attribution_disabled_returns_none ... ok
test http::client::tests::test_build_submit_order_report_filled_uses_total_sz_decimal ... ok
test http::client::tests::test_builder_attribution_omitted_on_testnet ... ok
test economics_scope::tests::exact_actual_funding_has_separate_source_and_consumer_checkpoints::case_2 ... ok
test http::client::tests::test_cache_instrument_base_alias_first_write_wins_for_spot ... ok
test http::client::tests::test_cache_instrument_by_raw_symbol ... ok
test http::client::tests::test_cache_instrument_perp_aliases_sanitized_base ... ok
test http::client::tests::test_client_order_id_cloid_cache_is_stable_and_first_write_wins ... ok
test http::client::tests::test_from_resolved_credentials_preserves_account_address_without_private_key ... ok
test http::client::tests::test_get_or_create_instrument_outcome_fallback_no_product_type ... ok
test http::error::tests::test_error_constructors ... ok
test http::error::tests::test_error_display ... ok
test http::client::tests::test_with_credentials_preserves_explicit_account_address ... ok
test economics_scope::tests::numeric_literal_lexeme_is_preserved_and_excluded_from_exact_cash ... ok
test http::error::tests::test_is_transport_error ... ok
test http::error::tests::test_is_unprocessable_entity ... ok
test http::error::tests::test_retryable_errors ... ok
test http::models::tests::test_cancel_action_serializes_fast_flag ... ok
test economics_scope::tests::exact_actual_funding_has_separate_source_and_consumer_checkpoints::case_1 ... ok
test http::models::tests::test_cancel_by_cloid_action_serializes_fast_flag ... ok
test economics_scope::tests::exact_bound_user_fill_variant_reports_fee_without_fabricated_echo::case_2 ... ok
test economics_scope::tests::exact_actual_funding_has_separate_source_and_consumer_checkpoints::case_3 ... ok
test economics_scope::tests::recomputed_checksum_cannot_override_raw_facts_or_consumer_receipt_completeness::case_3 ... ok
test http::models::tests::test_exchange_response_deserialization ... ok
test http::models::tests::test_funding_history_entry_with_premium ... ok
test http::models::tests::test_funding_history_entry_without_premium ... ok
test http::models::tests::test_hyperliquid_level_serializes_decimals_as_strings ... ok
test http::models::tests::test_historical_order_deserializes_liquidation_market_tif ... ok
test http::models::tests::test_l2_book_deserialization ... ok
test execution_scope::tests::running_journal_byte_bound_closes_before_an_unbounded_append ... ok
test http::models::tests::test_meta_deserialization ... ok
test economics_scope::tests::exact_bound_user_fill_variant_reports_fee_without_fabricated_echo::case_1 ... ok
test http::models::tests::test_modify_target_serializes_cloid ... ok
test http::models::tests::test_modify_target_serializes_numeric_oid ... ok
test http::models::tests::test_order_response_normal_tpsl_with_waiting_children ... ok
test http::models::tests::test_msgpack_serialization_matches_python ... ok
test http::models::tests::test_outcome_meta_defaults_missing_side_specs ... ok
test http::models::tests::test_perp_asset_hip3_fields ... ok
test http::models::tests::test_perp_asset_hip3_fields_absent ... ok
test http::models::tests::test_recent_trade_deserializes ... ok
test http::models::tests::test_order_status_deserializes_frontend_market_tif ... ok
test http::models::tests::test_spot_balance_handles_missing_entry_ntl ... ok
test http::models::tests::test_spot_balance_outcome_side_token_lacks_token_field ... ok
test http::models::tests::test_spot_clearinghouse_state_deserialization ... ok
test http::models::tests::test_spot_clearinghouse_state_empty ... ok
test http::models::tests::test_user_fill_defaults_missing_tid_and_builder_fee ... ok
test http::models::tests::test_user_fill_deserializes_tid_and_builder_fee ... ok
test http::models::tests::test_user_outcome_merge_outcome_null_amount_means_max ... ok
test http::models::tests::test_user_outcome_merge_outcome_serialization ... ok
test http::models::tests::test_user_outcome_merge_question_null_amount_means_max ... ok
test http::models::tests::test_user_outcome_merge_question_serialization ... ok
test http::models::tests::test_user_outcome_negate_outcome_serialization ... ok
test http::models::tests::test_user_outcome_split_msgpack_roundtrip ... ok
test http::models::tests::test_user_outcome_split_serialization ... ok
test http::parse::tests::test_create_instrument_from_def_outcome_emits_binary_option ... ok
test http::parse::tests::test_create_instrument_from_def_outcome_info_carries_parsed_description ... ok
test http::parse::tests::test_create_instrument_from_def_outcome_info_merges_parent_question ... ok
test http::parse::tests::test_derive_outcome_settlements_marks_winners_losers_and_fallback ... ok
test http::parse::tests::test_create_instrument_from_def_perp_defaults_missing_settlement_to_usdc ... ok
test http::parse::tests::test_derive_outcome_settlements_returns_empty_when_no_questions ... ok
test http::parse::tests::test_create_instrument_from_def_perp_sets_min_notional ... ok
test http::parse::tests::test_derive_outcome_settlements_returns_empty_when_no_questions_settled ... ok
test http::parse::tests::test_deserialize_l2_book_from_real_data ... ok
test http::parse::tests::test_get_usdh_currency_registers_with_explicit_precision ... ok
test http::parse::tests::test_deserialize_user_fills_with_dust_conversion ... ok
test http::parse::tests::test_is_outcome_side_token::case_01 ... ok
test http::parse::tests::test_is_outcome_side_token::case_02 ... ok
test http::parse::tests::test_is_outcome_side_token::case_03 ... ok
test http::client::tests::test_production_client_get_outcome_meta_uses_outcome_meta_request ... ok
test http::parse::tests::test_is_outcome_side_token::case_04 ... ok
test http::parse::tests::test_is_outcome_side_token::case_05 ... ok
test http::parse::tests::test_is_outcome_side_token::case_06 ... ok
test http::parse::tests::test_is_outcome_side_token::case_07 ... ok
test http::parse::tests::test_is_outcome_side_token::case_08 ... ok
test http::parse::tests::test_is_outcome_side_token::case_09 ... ok
test http::parse::tests::test_is_outcome_side_token::case_10 ... ok
test http::parse::tests::test_parse_fill_side ... ok
test http::parse::tests::test_parse_fill_report_outcome_round_trip ... ok
test http::parse::tests::test_parse_outcome_expiry_ns_rejects_bad_input::case_1 ... ok
test http::parse::tests::test_parse_outcome_expiry_ns_rejects_bad_input::case_2 ... ok
test http::parse::tests::test_parse_outcome_expiry_ns_rejects_bad_input::case_3 ... ok
test economics_scope::tests::recomputed_checksum_cannot_override_raw_facts_or_consumer_receipt_completeness::case_1 ... ok
test http::parse::tests::test_parse_outcome_expiry_ns_rejects_bad_input::case_5 ... ok
test http::parse::tests::test_parse_outcome_expiry_ns_rejects_bad_input::case_4 ... ok
test http::parse::tests::test_parse_outcome_expiry_ns_rejects_bad_input::case_6 ... ok
test http::parse::tests::test_parse_outcome_expiry_ns_round_trip ... ok
test http::parse::tests::test_parse_outcome_instruments_emits_both_sides ... ok
test http::parse::tests::test_parse_outcome_instruments_handles_missing_side_specs ... ok
test http::parse::tests::test_parse_outcome_instruments_inherits_expiry_from_parent_question ... ok
test http::parse::tests::test_parse_outcome_instruments_pulls_expiry_from_price_binary ... ok
test http::parse::tests::test_parse_outcome_meta_question_settlement_round_trip ... ok
test http::parse::tests::test_parse_perp_instruments ... ok
test http::parse::tests::test_parse_perp_instruments_hip3_dex ... ok
test http::parse::tests::test_parse_perp_instruments_from_real_data ... ok
test http::parse::tests::test_parse_perp_instruments_sanitizes_hip3_wildcards ... ok
test http::parse::tests::test_parse_recent_trade ... ok
test economics_scope::tests::recomputed_checksum_cannot_override_raw_facts_or_consumer_receipt_completeness::case_2 ... ok
test http::parse::tests::test_parse_spot_instruments_sanitizes_wildcard_token_names ... ok
test http::parse::tests::test_parse_perp_instruments_with_non_usdc_collateral ... ok
test http::parse::tests::test_parse_spot_instruments ... ok
test http::parse::tests::test_parse_spot_instruments_sorts_canonical_before_non_canonical ... ok
test http::parse::tests::test_pow10_neg ... ok
test http::parse::tests::test_price_decimals_clamping ... ok
test http::parse::tests::test_recent_trade_rejects_invalid_price ... ok
test http::parse::tests::test_resolve_fee_currency_falls_back_to_quote_when_unregistered_and_zero_fee ... ok
test http::parse::tests::test_resolve_fee_currency_outcome_token_returns_quote_even_when_registered ... ok
test http::parse::tests::test_resolve_perp_settlement_currency_errors_on_missing_token_index ... ok
test http::parse::tests::test_resolve_perp_settlement_currency_defaults_to_usdc ... ok
test http::parse::tests::test_sanitize_symbol::case_1 ... ok
test http::parse::tests::test_sanitize_symbol::case_2 ... ok
test http::parse::tests::test_resolve_perp_settlement_currency_requires_spot_meta_for_non_usdc ... ok
test http::parse::tests::test_sanitize_symbol::case_3 ... ok
test http::parse::tests::test_sanitize_symbol::case_4 ... ok
test http::parse::tests::test_sanitize_symbol::case_5 ... ok
test http::parse::tests::test_sanitize_symbol::case_6 ... ok
test http::query::tests::economic_account_history_contract_has_inclusive_times_and_no_dex ... ok
test http::query::tests::test_cancel_by_cloid_serialization ... ok
test http::query::tests::test_exchange_action_cancel ... ok
test http::query::tests::test_exchange_action_order ... ok
test http::query::tests::test_exchange_action_serialization ... ok
test http::query::tests::test_exchange_action_type_as_ref ... ok
test http::query::tests::test_info_request_all_perp_metas ... ok
test http::query::tests::test_info_request_clearinghouse_state_dex_serialization ... ok
test http::query::tests::test_info_request_frontend_open_orders_dex_serialization ... ok
test http::query::tests::test_info_request_funding_history_omits_end_time_when_none ... ok
test http::query::tests::test_info_request_funding_history_with_end_time ... ok
test http::query::tests::test_info_request_l2_book ... ok
test http::query::tests::test_info_request_meta ... ok
test http::query::tests::test_info_request_open_orders_dex_serialization ... ok
test http::query::tests::test_info_request_outcome_meta ... ok
test http::query::tests::test_info_request_recent_trades ... ok
test http::query::tests::test_info_request_spot_clearinghouse_state ... ok
test http::query::tests::test_modify_serialization ... ok
test http::query::tests::test_update_isolated_margin_serialization ... ok
test http::query::tests::test_update_leverage_serialization ... ok
test http::rate_limits::tests::test_backoff_full_jitter_increases::case_1 ... ok
test http::rate_limits::tests::test_backoff_full_jitter_increases::case_2 ... ok
test http::rate_limits::tests::test_backoff_full_jitter_respects_cap ... ok
test http::rate_limits::tests::test_backoff_full_jitter_increases::case_3 ... ok
test http::rate_limits::tests::test_exchange_weight_non_batch_action ... ok
test http::rate_limits::tests::test_exchange_weight_cancel ... ok
test http::rate_limits::tests::test_exchange_weight_order_steps_every_40::case_1 ... ok
test http::rate_limits::tests::test_exchange_weight_order_steps_every_40::case_2 ... ok
test http::rate_limits::tests::test_exchange_weight_order_steps_every_40::case_3 ... ok
test http::rate_limits::tests::test_exchange_weight_order_steps_every_40::case_4 ... ok
test http::rate_limits::tests::test_exchange_weight_order_steps_every_40::case_5 ... ok
test http::rate_limits::tests::test_exec_action_weight_batch_modify_steps_every_40::case_1 ... ok
test http::rate_limits::tests::test_exec_action_weight_batch_modify_steps_every_40::case_2 ... ok
test http::rate_limits::tests::test_exec_action_weight_batch_modify_steps_every_40::case_3 ... ok
test http::rate_limits::tests::test_exec_action_weight_batch_modify_steps_every_40::case_4 ... ok
test http::rate_limits::tests::test_exec_action_weight_batch_modify_steps_every_40::case_5 ... ok
test http::rate_limits::tests::test_exec_action_weight_cancel_by_cloid_steps_every_40::case_1 ... ok
test http::rate_limits::tests::test_exec_action_weight_cancel_by_cloid_steps_every_40::case_2 ... ok
test http::rate_limits::tests::test_exec_action_weight_cancel_by_cloid_steps_every_40::case_3 ... ok
test http::rate_limits::tests::test_exec_action_weight_cancel_by_cloid_steps_every_40::case_4 ... ok
test http::rate_limits::tests::test_exec_action_weight_cancel_by_cloid_steps_every_40::case_5 ... ok
test http::rate_limits::tests::test_exec_action_weight_cancel_by_oid_steps_every_40::case_1 ... ok
test http::rate_limits::tests::test_exec_action_weight_cancel_by_oid_steps_every_40::case_2 ... ok
test http::rate_limits::tests::test_exec_action_weight_cancel_by_oid_steps_every_40::case_3 ... ok
test http::rate_limits::tests::test_exec_action_weight_cancel_by_oid_steps_every_40::case_4 ... ok
test http::rate_limits::tests::test_exec_action_weight_cancel_by_oid_steps_every_40::case_5 ... ok
test http::rate_limits::tests::test_exec_action_weight_modify ... ok
test http::rate_limits::tests::test_exec_action_weight_non_batch_action ... ok
test http::rate_limits::tests::test_exec_action_weight_order_steps_every_40::case_1 ... ok
test http::rate_limits::tests::test_exec_action_weight_order_steps_every_40::case_2 ... ok
test http::rate_limits::tests::test_exec_action_weight_order_steps_every_40::case_3 ... ok
test http::rate_limits::tests::test_exec_action_weight_order_steps_every_40::case_4 ... ok
test http::rate_limits::tests::test_exec_action_weight_order_steps_every_40::case_5 ... ok
test http::rate_limits::tests::test_limiter_debit_extra_works ... ok
test outcome_settlement::tests::deterministic_identifiers_per_settlement ... ok
test outcome_settlement::tests::empty_settlements_emit_nothing ... ok
test outcome_settlement::tests::fractional_balance_rounds_to_outcome_size_precision ... ok
test outcome_settlement::tests::repeated_settlement_is_idempotent ... ok
test outcome_settlement::tests::unheld_settlement_marks_tracker_without_fill ... ok
test outcome_settlement::tests::losing_side_emits_close_at_zero_usdh ... ok
test outcome_settlement::tests::winning_side_emits_close_at_one_usdh ... ok
test outcome_settlement::tests::zero_balance_skipped_and_marked ... ok
test economics_scope::tests::unsupported_user_fill_variants_remain_raw_unknown::case_3 ... ok
test signing::nonce::tests::test_fast_forward ... ok
test signing::nonce::tests::test_custom_policy ... ok
test signing::nonce::tests::test_nonce_monotonicity ... ok
test signing::nonce::tests::test_nonce_deduplication ... ok
test signing::nonce::tests::test_time_nonce_creation ... ok
test signing::nonce::tests::test_nonce_window_validation ... ok
test signing::signers::tests::test_cloid_from_client_order_id_is_deterministic ... ok
test signing::signers::tests::test_connection_id_includes_expires_after_when_present ... ok
test signing::signers::tests::test_connection_id_matches_python ... ok
test signing::signers::tests::test_connection_id_with_cloid ... ok
test signing::signers::tests::official_l1_dummy_action_signature_matches_python_sdk_for_both_environments ... ok
test signing::signers::tests::test_price_decimal_formatting ... ok
test signing::signers::tests::test_connection_id_with_vault_matches_reference ... ok
test signing::signers::tests::test_cloid_from_client_order_id_has_varied_leading_bytes ... ok
test signing::signers::tests::test_production_like_order_with_deterministic_cloid ... ok
test signing::signers::tests::test_sign_l1_rejects_when_action_and_bytes_missing ... ok
test signing::signers::tests::test_sign_user_signed_returns_error ... ok
test websocket::book::tests::matching_options_do_not_report_mismatch ... ok
test signing::signers::tests::test_sign_request_l1_action ... ok
test websocket::book::tests::re_registering_same_use_is_idempotent ... ok
test signing::nonce::tests::test_concurrent_nonce_generation ... ok
test websocket::book::tests::first_register_subscribes_with_requested_options ... ok
test websocket::book::tests::clear_removes_all_tracked_streams ... ok
test websocket::book::tests::releasing_one_use_retains_stream_for_the_other ... ok
test websocket::book::tests::releasing_untracked_coin_unsubscribes_with_default_options ... ok
test websocket::book::tests::releasing_use_that_was_never_registered_retains_stream ... ok
test websocket::book::tests::second_use_shares_stream_and_reports_option_mismatch ... ok
test websocket::client::tests::cancel_errors_for_requests_accepts_empty_as_success ... ok
test websocket::client::tests::cancel_errors_for_requests_rejects_status_count_mismatch ... ok
test websocket::client::tests::economics_private_ingress_retains_bound_across_connection_and_epoch_changes ... ok
test websocket::client::tests::prepared_private_ingress_rejects_old_epoch_and_fresh_connection_markers ... ok
test websocket::client::tests::clone_can_own_socket_registration ... ok
test websocket::client::tests::prepared_private_ingress_requires_contiguous_actor_application ... ok
test websocket::client::tests::prepared_private_ingress_lock_serializes_receipt_and_write_boundary ... ok
test economics_scope::tests::unsupported_user_fill_variants_remain_raw_unknown::case_1 ... ok
test websocket::client::tests::prepared_private_ingress_only_explicit_execution_installs_shared_fence ... ok
test websocket::client::tests::prepared_private_ingress_unknown_and_private_channels_are_fenced ... ok
test websocket::client::tests::test_post_payload_error_does_not_match_embedded_codes_or_words::case_1 ... ok
test websocket::client::tests::set_post_timeout_updates_client_and_clone ... ok
test websocket::client::tests::test_post_payload_error_does_not_match_embedded_codes_or_words::case_3 ... ok
test websocket::client::tests::test_post_payload_error_does_not_match_embedded_codes_or_words::case_2 ... ok
test websocket::client::tests::prepared_signed_binding_is_verified_before_queue_and_rejection_never_writes ... ok
test websocket::client::tests::test_post_payload_error_maps_auth::case_2 ... ok
test websocket::client::tests::test_post_payload_error_maps_auth::case_3 ... ok
test websocket::client::tests::test_post_payload_error_maps_bad_request::case_1 ... ok
test websocket::client::tests::test_post_payload_error_maps_auth::case_1 ... ok
test websocket::client::tests::test_post_payload_error_maps_bad_request::case_2 ... ok
test websocket::client::tests::test_drop_clone_does_not_stop_handler ... ok
test websocket::client::tests::test_post_payload_error_maps_bad_request::case_3 ... ok
test websocket::client::tests::test_post_payload_error_maps_exchange_status::case_1 ... ok
test websocket::client::tests::test_post_payload_error_maps_exchange_status::case_2 ... ok
test websocket::client::tests::test_post_payload_error_maps_rate_limit ... ok
test websocket::client::tests::test_post_payload_error_maps_auth::case_4 ... ok
test websocket::client::tests::test_subscription_reconstruction::case_6 ... ok
test websocket::client::tests::test_subscription_reconstruction::case_1 ... ok
test websocket::client::tests::test_subscription_reconstruction::case_2 ... ok
test websocket::client::tests::test_subscription_reconstruction::case_3 ... ok
test websocket::client::tests::test_subscription_reconstruction::case_4 ... ok
test websocket::client::tests::test_subscription_reconstruction::case_5 ... ok
test websocket::client::tests::test_subscription_reconstruction::case_7 ... ok
test websocket::client::tests::test_subscription_topic_candle ... ok
test websocket::client::tests::test_subscription_topic_generation::case_1 ... ok
test websocket::client::tests::test_subscription_topic_generation::case_2 ... ok
test websocket::client::tests::test_subscription_topic_generation::case_3 ... ok
test websocket::client::tests::test_subscription_topic_generation::case_4 ... ok
test websocket::client::tests::test_subscription_topics_unique ... ok
test websocket::client::tests::with_state_sink_survives_clone ... ok
test websocket::dispatch::tests::test_check_and_insert_trade_detects_duplicates ... ok
test websocket::dispatch::tests::test_claim_front_modify_advances_next_old_id ... ok
test websocket::dispatch::tests::test_cleanup_terminal_clears_corrective_state ... ok
test websocket::dispatch::tests::test_cleanup_terminal_preserves_filled_marker ... ok
test websocket::dispatch::tests::test_clear_front_modify_reparents_next_old ... ok
test economics_scope::tests::unsupported_user_fill_variants_remain_raw_unknown::case_4 ... ok
test websocket::dispatch::tests::test_clear_non_front_modify_leaves_front_old ... ok
test websocket::enums::tests::test_as_str_method::case_1 ... ok
test websocket::dispatch::tests::test_lookup_context_missing_returns_none ... ok
test websocket::dispatch::tests::test_insert_accepted_dedup ... ok
test websocket::enums::tests::test_as_str_method::case_2 ... ok
test websocket::dispatch::tests::test_clear_modify_generation_preserves_newer_intent ... ok
test websocket::enums::tests::test_as_str_method::case_3 ... ok
test websocket::dispatch::tests::test_modify_chain_caps_and_evicts_oldest ... ok
test websocket::enums::tests::test_as_str_method::case_4 ... ok
test websocket::enums::tests::test_as_str_method::case_5 ... ok
test websocket::dispatch::tests::test_stash_modify_request_targets_latest_intent ... ok
test websocket::dispatch::tests::test_pending_modify_roundtrip ... ok
test websocket::enums::tests::test_channel_deserialization::case_1 ... ok
test websocket::enums::tests::test_channel_deserialization::case_2 ... ok
test websocket::dispatch::tests::test_register_and_lookup_context ... ok
test websocket::enums::tests::test_channel_deserialization::case_3 ... ok
test websocket::dispatch::tests::test_update_context_price_without_price_keeps_cached_price ... ok
test websocket::enums::tests::test_channel_deserialization::case_4 ... ok
test websocket::enums::tests::test_channel_deserialization::case_5 ... ok
test websocket::enums::tests::test_channel_serialization::case_1 ... ok
test websocket::dispatch::tests::test_update_context_refreshes_price_and_quantity ... ok
test websocket::dispatch::tests::test_modify_chain_keeps_both_intents_on_rapid_modifies ... ok
test websocket::enums::tests::test_channel_serialization::case_2 ... ok
test websocket::enums::tests::test_channel_serialization::case_3 ... ok
test websocket::enums::tests::test_channel_serialization::case_4 ... ok
test websocket::enums::tests::test_channel_serialization::case_5 ... ok
test websocket::enums::tests::test_display_trait ... ok
test websocket::enums::tests::test_enum_iter ... ok
test websocket::enums::tests::test_from_str ... ok
test websocket::enums::tests::test_is_private_channel ... ok
test websocket::enums::tests::test_is_public_channel ... ok
test websocket::handler::tests::all_mids_cache_projects_subscriptions_without_scanning_every_websocket_message ... ok
test websocket::handler::tests::asset_context_caches_clear_removed_data_types ... ok
test websocket::handler::tests::economics_raw_bridge_preserves_escaped_private_channel ... ok
test websocket::handler::tests::economics_raw_bridge_retains_numeric_lexeme_and_reader_identity_on_legacy_parse_failure ... ok
test websocket::handler::tests::handle_all_dexs_asset_ctxs_preserves_index_alignment_when_mappings_are_missing ... ok
test websocket::handler::tests::handle_asset_context_skips_open_interest_for_spot_payload ... ok
test websocket::handler::tests::handle_asset_context_emits_open_interest_custom_data_when_subscribed ... ok
test websocket::handler::tests::handle_asset_context_suppresses_unchanged_open_interest ... ok
test websocket::handler::tests::handle_l2_book_emits_deltas_and_depth10_when_coin_in_subs ... ok
test websocket::handler::tests::handle_l2_book_returns_empty_when_instrument_unknown ... ok
test websocket::handler::tests::handle_l2_book_emits_deltas_only_when_not_in_depth10_subs ... ok
test websocket::messages::tests::test_hyperliquid_ws_request_serialization ... ok
test websocket::messages::tests::test_order_request_serialization ... ok
test websocket::messages::tests::test_subscription_request_serialization ... ok
test websocket::messages::tests::test_ws_book_data_deserialization ... ok
test websocket::messages::tests::test_ws_fill_data_deserialization_with_cloid_and_twap ... ok
test websocket::messages::tests::test_ws_trailing_stop_data_deserialization ... ok
test websocket::messages::tests::test_ws_trigger_activated_data_deserialization ... ok
test websocket::messages::tests::test_ws_trade_data_deserialization ... ok
test websocket::handler::tests::post_send_failure_cancels_router_waiter ... ok
test websocket::handler::tests::outbound_subscription_logs_omit_payload_bodies ... ok
test websocket::messages::tests::test_ws_trade_data_round_trips_decimals_as_strings ... ok
test economics_scope::tests::unknown_required_identity_or_amount_is_raw_evidence::case_1 ... ok
test websocket::messages::tests::test_ws_trigger_triggered_data_deserialization ... ok
test economics_scope::tests::unknown_required_identity_or_amount_is_raw_evidence::case_3 ... ok
test websocket::messages::tests::test_ws_user_fills_message_deserialization ... ok
test websocket::messages::tests::test_ws_user_fills_message_with_builder_fee ... ok
test websocket::messages::tests::test_ws_user_fills_message_with_liquidation ... ok
test websocket::parse::tests::test_parse_ws_asset_context_perp_preserves_funding_precision::case_1_positive_high_precision ... ok
test websocket::parse::tests::test_parse_ws_asset_context_perp ... ok
test websocket::parse::tests::test_parse_ws_asset_context_perp_preserves_funding_precision::case_2_negative_high_precision ... ok
test websocket::parse::tests::test_parse_ws_asset_context_spot ... ok
test websocket::parse::tests::test_parse_ws_candle_preserves_open_event_and_receipt_initialization_timestamps ... ok
test websocket::parse::tests::test_parse_ws_fill_report_basic ... ok
test websocket::parse::tests::test_parse_ws_open_interest_perp ... ok
test websocket::parse::tests::test_parse_ws_fill_report_with_liquidation ... ok
test websocket::parse::tests::test_parse_ws_open_interest_preserves_precision::case_1_round ... ok
test websocket::parse::tests::test_parse_ws_fill_report_outcome_round_trip ... ok
test websocket::parse::tests::test_parse_ws_open_interest_preserves_precision::case_2_precise ... ok
test websocket::parse::tests::test_parse_ws_order_book_deltas_snapshot_behavior ... ok
test websocket::parse::tests::test_parse_ws_order_book_depth10_pads_sparse_book ... ok
test websocket::handler::tests::handle_all_dexs_asset_ctxs_emits_normalized_custom_data ... ok
test websocket::parse::tests::test_parse_ws_order_book_depth10_truncates_beyond_10 ... ok
test websocket::parse::tests::test_parse_ws_order_status_report_basic ... ok
test websocket::parse::tests::test_parse_ws_rejection_preserves_venue_reason::case_1 ... ok
test websocket::parse::tests::test_parse_ws_rejection_preserves_venue_reason::case_2 ... ok
test economics_scope::tests::semantic_checkpoint_corruption_is_not_validated_by_recomputed_checksum ... ok
test websocket::parse::tests::test_parse_ws_rejection_preserves_venue_reason::case_3 ... ok
test websocket::parse::tests::test_parse_ws_twap_history_row_from_live_mainnet_fixture ... ok
test websocket::parse::tests::test_parse_ws_twap_slice_fill_from_live_mainnet_fixture ... ok
test websocket::post::tests::lane_classifier_cases::case_1_all_alo ... ok
test economics_scope::tests::unverified_attribution_cannot_recognize_fee_regardless_of_funds_trust::case_1 ... ok
test economics_scope::tests::unverified_attribution_cannot_recognize_fee_regardless_of_funds_trust::case_2 ... ok
test websocket::post::tests::lane_classifier_cases::case_2_mixed_alo_gtc ... ok
test websocket::post::tests::lane_classifier_cases::case_3_all_gtc ... ok
test economics_scope::tests::unsupported_user_fill_variants_remain_raw_unknown::case_2 ... ok
test websocket::post::tests::test_trigger_order_params_builder ... ok
test economics_scope::tests::unknown_required_identity_or_amount_is_raw_evidence::case_2 ... ok
test websocket::post::tests::test_limit_order_params_builder ... ok
test websocket::post::tests::lane_classifier_cases::case_4_empty ... ok
test websocket::trades::tests::duplicate_logical_use_is_idempotent ... ok
test websocket::post::tests::test_order_builder_single_trigger_convenience ... ok
test websocket::post::tests::test_action_request_constructors ... ok
test websocket::post::tests::test_ws_sender_forwards_and_reports_closed_channel ... ok
test websocket::post::tests::test_order_builder_batch_orders ... ok
test websocket::trades::tests::releasing_one_use_retains_the_other ... ok
test websocket::post::tests::test_order_request_builder ... ok
test websocket::post::tests::test_order_builder_single_limit_convenience ... ok
test websocket::trades::tests::logical_uses_share_one_venue_subscription ... ok
test websocket::post::tests::register_duplicate_id_errors ... ok
test economics_scope::tests::raw_actual_fee_rebate_is_once_without_builder_double_count_or_native_application_claim ... ok
test economics_scope::tests::verified_attribution_with_untrusted_funds_reports_fee_without_authorizing_native_application ... ok
test economics_scope::tests::source_and_consumer_restart_boundaries_preserve_pending_and_exact_receipts ... ok
test economics_scope::tests::same_time_distinct_hashes_are_distinct_but_changed_payload_is_conflict ... ok
test websocket::client::tests::send_post_request_times_out_while_waiting_for_inflight_slot ... ok
test economics_scope::tests::wrong_user_stream_and_unverified_metadata_cannot_recognize_funding ... ok
test economics_scope::tests::weak_ws_occurrences_and_history_overlap_do_not_create_duplicate_cash ... ok
test websocket::post::tests::timeout_cancels_and_allows_reregister ... ok
test websocket::post::tests::batcher_sends_on_tick ... ok
test websocket::handler::tests::prepared_send_wait_does_not_block_private_raw_frame_processing ... ok
test websocket::post::tests::inflight_cap_blocks_then_unblocks ... ok
test economics_scope::tests::lifetime_coverage_capacity_preserves_last_checkpoint_when_exhausted ... ok
test websocket::post::tests::test_batcher_drop_aborts_lane_tasks ... ok
test economics_scope::tests::complete_five_hundred_row_page_stores_one_shared_raw_envelope ... ok
test http::client::tests::test_request_instrument_defs_errors_when_non_usdc_collateral_unresolved ... ok
test http::rate_limits::tests::test_limiter_roughly_caps_to_capacity ... ok

test result: ok. 865 passed; 0 failed; 0 ignored; 0 measured; 0 filtered out; finished in 1.16s

     Running tests\catalog.rs (E:/persarb/nautilus_trader/target\nextest\deps\catalog-f669d3b845b8aecb.exe)

running 0 tests

test result: ok. 0 passed; 0 failed; 0 ignored; 0 measured; 0 filtered out; finished in 0.00s

     Running tests\data_client.rs (E:/persarb/nautilus_trader/target\nextest\deps\data_client-899c989961ba57a5.exe)

running 46 tests
test test_data_client_rejects_invalid_fast_book_request::case_5 ... ok
test test_data_client_rejects_invalid_fast_book_request::case_1 ... ok
test test_data_client_rejects_invalid_fast_book_request::case_4 ... ok
test test_data_client_rejects_invalid_fast_book_request::case_3 ... ok
test test_data_client_rejects_invalid_fast_book_request::case_2 ... ok
test test_data_client_reset_clears_state ... ok
test test_fetch_account_state ... ok
test test_fetch_instruments_via_meta ... ok
test test_fetch_orderbook_snapshot ... ok
test test_meta_universe_structure ... ok
test test_multiple_sequential_requests ... ok
test test_orderbook_structure ... ok
test test_parallel_requests ... ok
test test_data_client_subscribe_book_deltas::case_3 ... ok
test test_data_client_subscribe_twap_history_rejects_non_canonical_user_metadata ... ok
test test_data_client_subscribe_book_deltas::case_1 ... ok
test test_data_client_request_public_trades ... ok
test test_data_client_subscribe_twap_history_requires_user_metadata ... ok
test test_data_client_emits_instruments_on_connect ... ok
test test_data_client_connect_disconnect ... ok
test test_data_client_emits_hip3_instruments ... ok
test test_data_client_subscribe_book_deltas::case_2 ... ok
test test_data_client_subscribe_quotes ... ok
test test_data_client_request_public_trades_endpoint_unavailable ... ok
test test_request_funding_rates_emits_data_response_from_mock ... ok
test test_request_funding_rates_non_perp_bails ... ok
test test_data_client_subscribe_trades ... ok
test test_data_client_disconnect_stops_event_flow ... ok
test test_data_client_subscribe_all_dex_asset_ctxs_custom_data ... ok
test test_data_client_subscribe_custom_open_interest ... ok
test test_data_client_subscribe_unsubscribe_twap_history ... ok
test test_data_client_subscribe_unsubscribe_twap_slice_fills ... ok
test test_data_client_reconnect_after_disconnect_resumes_stream ... ok
test test_data_client_shared_asset_context_subscription_with_open_interest ... ok
test test_data_client_resubscribe_custom_open_interest_emits_initial_value_again ... ok
test test_data_client_reset_recreates_public_trade_stream ... ok
test test_data_client_request_trades_endpoint_unavailable ... ok
test test_data_client_request_book_snapshot_with_depth ... ok
test test_data_client_request_trades ... ok
test test_data_client_request_instrument ... ok
test test_data_client_request_instruments ... ok
test test_data_client_request_book_snapshot ... ok
test test_data_client_request_bars_filters_unfinished_candle ... ok
test test_data_client_reports_stale_book_deltas_while_quotes_flow ... ok
test test_data_client_stale_quote_recovery_heals_without_reconnect ... ok
test test_data_client_stale_book_recovery_escalates_to_reconnect ... ok

test result: ok. 46 passed; 0 failed; 0 ignored; 0 measured; 0 filtered out; finished in 8.10s

     Running tests\dispatch.rs (E:/persarb/nautilus_trader/target\nextest\deps\dispatch-9f82096eb5913d53.exe)

running 40 tests
test test_cancel_replace_price_sources::case_3_both_missing_is_skipped ... ok
test test_dispatch_triggered_per_order_type::case_4_plain_limit_is_ignored ... ok
test test_dispatch_fill_duplicate_trade_id_is_skipped ... ok
test test_dispatch_triggered_per_order_type::case_3_limit_if_touched ... ok
test test_cancel_replace_promotes_on_first_fill_then_subsequent ... ok
test test_dispatch_fill_tracked_synthesizes_accepted_then_filled ... ok
test test_buffered_fills_cleared_on_cleanup_terminal ... ok
test test_cancel_replace_recovers_after_timed_out_modify ... ok
test test_cancel_before_accept_is_suppressed ... ok
test test_accepted_dedup_skips_second_accepted ... ok
test test_cancel_after_failed_modify_still_emits_canceled ... ok
test test_cancel_replace_price_sources::case_2_context_fallback ... ok
test test_dispatch_post_only_rejection_sets_due_post_only ... ok
test test_dispatch_canceled_tracked_synthesizes_accepted_then_canceled ... ok
test test_dispatch_accepted_external_falls_back ... ok
test test_dispatch_triggered_per_order_type::case_2_trailing_stop_limit ... ok
test test_fill_on_cached_voi_passes_through_during_pending_modify ... ok
test test_cancel_replace_price_sources::case_1_report_has_price ... ok
test test_dispatch_accepted_tracked_emits_order_accepted ... ok
test test_fill_during_pending_modify_promotes_when_accepted_dropped ... ok
test test_chained_cancel_replace_emits_two_updates_no_spurious_cancel ... ok
test test_cancel_replace_emits_updated_not_canceled ... ok
test test_dispatch_passive_ioc_rejection_preserves_venue_reason ... ok
test test_dispatch_triggered_per_order_type::case_1_stop_limit ... ok
test test_dispatch_expired_tracked_synthesizes_accepted_then_expired ... ok
test test_dispatch_fill_tracked_partial_then_terminal ... ok
test test_dispatch_rejected_tracked_emits_rejected_and_cleans_up ... ok
test test_dispatch_fill_external_falls_back ... ok
test test_fill_during_pending_modify_without_price_buffers ... ok
test test_cancel_replace_fill_promotes_then_late_accepted_is_noop ... ok
test test_dispatch_stale_replay_after_terminal_is_skipped ... ok
test test_dispatch_fill_for_order_in_filled_orders_is_skipped ... ok
test test_filled_status_marker_then_fill_emits_filled ... ok
test test_query_promotes_inflight_modify_replacement_when_accepted_dropped ... ok
test test_report_without_client_order_id_is_external ... ok
test test_filled_status_marker_is_noop_without_fill ... ok
test test_user_cancel_after_modify_chain_drains_emits_canceled ... ok
test test_stale_old_leg_fill_after_cancel_replace_falls_through ... ok
test test_query_does_not_promote_when_venue_order_id_unchanged ... ok
test test_partial_fill_status_emits_nothing_from_status_path ... ok

test result: ok. 40 passed; 0 failed; 0 ignored; 0 measured; 0 filtered out; finished in 0.01s

     Running tests\entropy_account.rs (E:/persarb/nautilus_trader/target\nextest\deps\entropy_account-6e468843d2864c82.exe)

running 92 tests
test exact_account_facts_do_not_grant_io_write_permission::case_2 ... ok
test exact_account_facts_do_not_grant_io_write_permission::case_3 ... ok
test exact_account_facts_do_not_grant_io_write_permission::case_1 ... ok
test exact_account_facts_do_not_grant_io_write_permission::case_4 ... ok
test execution::actual_user_leverage_change_invalidates_new_risk_without_mutating_leverage ... ok
test execution::contradictory_or_unprojectable_actual_fill_blocks_without_native_position::case_3 ... ok
test execution::contradictory_or_unprojectable_actual_fill_blocks_without_native_position::case_4 ... ok
test execution::contradictory_or_unprojectable_actual_fill_blocks_without_native_position::case_2 ... ok
test execution::contradictory_or_unprojectable_actual_fill_blocks_without_native_position::case_1 ... ok
test execution::concurrent_orders_cannot_spend_one_balance_twice ... ok
test execution::economics::economic_consumer_failure_retains_durable_pending_source ... ok
test execution::economics::original_numeric_lexeme_is_preserved_without_fabricating_exact_cash ... ok
test execution::economics::normal_factory_signed_funding_is_pending_until_durable_report_consumption ... ok
test execution::economics::account_wide_ledger_keeps_attribution_and_cashflow_interpretation_unknown ... ok
test execution::exact_price_precision_failure_never_reaches_peer ... ok
test execution::economics::history_same_time_distinct_hash_and_exact_replay_do_not_double_recognized_cash ... ok
test execution::economics::failed_full_account_revalidation_revokes_prior_economic_attribution::case_1 ... ok
test execution::economics::failed_full_account_revalidation_revokes_prior_economic_attribution::case_2 ... ok
test execution::economics::failed_full_account_revalidation_revokes_prior_economic_attribution::case_3 ... ok
test execution::economics::unsupported_economic_frames_preserve_raw_and_cannot_create_io_income::case_1 ... ok
test execution::economics::actual_history_deadline_preserves_unknown_coverage_and_cannot_enable_execution ... ok
test execution::economics::conflicting_strong_history_never_becomes_recognized_cash ... ok
test execution::economics::malformed_actual_user_fill_retains_raw_without_native_projection_or_fee_receipt::case_1 ... ok
test execution::foreign_io_open_order_revokes_ownership_without_adoption ... ok
test execution::newer_private_funds_decline_limits_new_risk_before_http_refresh::case_1 ... ok
test execution::economics::malformed_actual_user_fill_retains_raw_without_native_projection_or_fee_receipt::case_3 ... ok
test execution::economics::actual_owned_fill_fee_reporting_never_applies_a_second_native_commission ... ok
test execution::economics::malformed_actual_user_fill_retains_raw_without_native_projection_or_fee_receipt::case_2 ... ok
test execution::newer_private_funds_decline_limits_new_risk_before_http_refresh::case_2 ... ok
test execution::economics::unsupported_economic_frames_preserve_raw_and_cannot_create_io_income::case_3 ... ok
test execution::economics::unsupported_economic_frames_preserve_raw_and_cannot_create_io_income::case_2 ... ok
test execution::durable_actual_fill_does_not_claim_native_cache_restored_after_fresh_factory_restart ... ok
test execution::economics::websocket_no_id_replay_and_history_overlap_preserve_every_weak_occurrence ... ok
test floating_financial_values_do_not_require_atomic_rest_ws_equality ... ok
test execution::unsupported_private_economic_frames_revoke_trust_before_new_risk::case_1 ... ok
test execution::observed_same_size_isolated_leverage_change_revokes_old_asset_proof ... ok
test execution::owned_cancel_uses_exact_cached_order_and_dedicated_io_asset ... ok
test io_zero_balance_never_inherits_default_or_spot_wealth ... ok
test execution::unsupported_private_economic_frames_revoke_trust_before_new_risk::case_3 ... ok
test execution::unsupported_private_economic_frames_revoke_trust_before_new_risk::case_2 ... ok
test isolated_io_equity_used_free_and_withdrawable_remain_distinct ... ok
test execution::same_raw_trade_identity_with_changed_economics_is_a_conflict_even_after_terminal::case_3 ... ok
test execution::same_raw_trade_identity_with_changed_economics_is_a_conflict_even_after_terminal::case_1 ... ok
test execution::same_raw_trade_identity_with_changed_economics_is_a_conflict_even_after_terminal::case_2 ... ok
test global_execution_streams_cannot_emit_ledger_events_for_a_read_only_io_account ... ok
test mode_or_collateral_drift_revokes_existing_io_admission::case_1 ... ok
test foreign_stream_payload_cannot_revalidate_cached_io_flat::case_1 ... ok
test foreign_stream_payload_cannot_revalidate_cached_io_flat::case_2 ... ok
test execution::unsupported_user_fills_with_native_report_content_cannot_advance_trusted_scope ... ok
test unsupported_identity_currency_positions_or_source_time_fail_closed::case_02 ... ok
test normal_factory_returns_a_detached_exact_proof_and_revokes_it_after_shutdown ... ok
test mode_or_collateral_drift_revokes_existing_io_admission::case_2 ... ok
test partial_io_state_is_not_empty_flat_or_a_registered_account::case_2 ... ok
test partial_io_state_is_not_empty_flat_or_a_registered_account::case_1 ... ok
test partial_io_state_is_not_empty_flat_or_a_registered_account::case_3 ... ok
test partial_io_state_is_not_empty_flat_or_a_registered_account::case_4 ... ok
test partial_io_state_is_not_empty_flat_or_a_registered_account::case_5 ... ok
test initial_rest_private_conflict_cannot_publish_flat_or_an_account::case_2 ... ok
test unsupported_identity_currency_positions_or_source_time_fail_closed::case_01 ... ok
test initial_rest_private_conflict_cannot_publish_flat_or_an_account::case_1 ... ok
test unsupported_identity_currency_positions_or_source_time_fail_closed::case_06 ... ok
test unsupported_identity_currency_positions_or_source_time_fail_closed::case_05 ... ok
test unsupported_identity_currency_positions_or_source_time_fail_closed::case_07 ... ok
test unsupported_identity_currency_positions_or_source_time_fail_closed::case_03 ... ok
test unsupported_identity_currency_positions_or_source_time_fail_closed::case_04 ... ok
test query_for_another_native_account_id_is_rejected_before_http_or_emission ... ok
test unsupported_identity_currency_positions_or_source_time_fail_closed::case_08 ... ok
test unsupported_identity_currency_positions_or_source_time_fail_closed::case_09 ... ok
test unsupported_identity_currency_positions_or_source_time_fail_closed::case_10 ... ok
test unsupported_shared_and_unknown_modes_emit_no_io_account::case_1 ... ok
test unsupported_identity_currency_positions_or_source_time_fail_closed::case_12 ... ok
test unsupported_identity_currency_positions_or_source_time_fail_closed::case_11 ... ok
test unsupported_shared_and_unknown_modes_emit_no_io_account::case_2 ... ok
test unsupported_shared_and_unknown_modes_emit_no_io_account::case_3 ... ok
test private_position_conflict_requires_a_matching_fresh_rest_snapshot ... ok
test unsupported_shared_and_unknown_modes_emit_no_io_account::case_5 ... ok
test unsupported_shared_and_unknown_modes_emit_no_io_account::case_4 ... ok
test execution::economics::normal_factory_restart_preserves_pending_then_same_consumer_receipts ... ok
test partial_refresh_failure_preserves_facts_but_revokes_trust::case_1 ... ok
test physical_reconnect_requires_new_io_stream_evidence_and_rest_reconciliation ... ok
test silent_private_scope_and_old_rest_snapshot_expire_without_business_events ... ok
test partial_refresh_failure_preserves_facts_but_revokes_trust::case_2 ... ok
test acknowledgment_and_complete_io_payload_are_independent_requirements::case_2 ... ok
test acknowledgment_and_complete_io_payload_are_independent_requirements::case_1 ... ok
test execution::economics::actual_full_page_preserves_distinct_facts_at_the_inclusive_timestamp_boundary ... ok
test partial_refresh_failure_preserves_facts_but_revokes_trust::case_3 ... ok
test execution::missing_ack_and_unknown_oid_retain_budget_and_restart_never_resends ... ok
test execution::economics::saturated_equal_time_page_terminates_with_unknown_coverage_and_preserves_observed_facts ... ok
test execution::query_account_total_deadline_bounds_private_verification_and_preserves_unknown ... ok
test execution::partial_fill_then_cancel_preserves_actual_position_and_rejects_oversized_close ... ok
test execution::economics::persisted_funding_does_not_restore_ready_but_current_account_recovery_can_absorb_exact_replay ... ok
test execution::factory_actual_partial_fills_fees_and_owned_ioc_close_update_engine_and_portfolio ... ok

test result: ok. 92 passed; 0 failed; 0 ignored; 0 measured; 0 filtered out; finished in 40.55s

     Running tests\exec_client.rs (E:/persarb/nautilus_trader/target\nextest\deps\exec_client-d8ddf50877258c58.exe)

running 103 tests
test test_connect_times_out_when_account_never_registers ... ignored, blocks ~30s on hard-coded await_account_registered timeout; revisit once timeout is injectable
test test_cancel_stores_action ... ok
test test_cancel_order_by_cloid ... ok
test test_exchange_rate_limiting ... ok
test test_exchange_request_count ... ok
test test_cancel_order_by_oid ... ok
test test_exec_client_creation ... ok
test test_generate_mass_status_queries_each_active_builder_dex_once::case_2_user_fills ... ok
test test_generate_mass_status_reconstructs_filled_order_for_retained_fill ... ok
test test_generate_order_status_report_oid_only_returns_terminal ... ok
test test_generate_mass_status_lookback_filters_only_fills ... ok
test test_generate_order_status_report_terminal_mismatched_cloid_still_returned ... ok
test test_generate_fill_reports_filters_time_range ... ok
test test_generate_order_status_report_returns_open_order_by_cloid ... ok
test test_generate_order_status_report_terminal_oid_fallback_returns_report ... ok
test test_generate_order_status_report_suppresses_old_leg_cancel_during_modify ... ok
test test_connect_restores_market_parent_bracket_without_quote ... ok
test test_generate_order_status_report_requires_identifier ... ok
test test_http_modify_order_rejects_without_venue_id_or_cached_cloid ... ok
test test_http_modify_order_uses_cached_cloid_target_without_venue_order_id ... ok
test test_http_modify_order_uses_numeric_venue_order_id_without_cached_cloid ... ok
test test_generate_order_status_report_terminal_missing_cloid_trusts_oid ... ok
test test_generate_mass_status_queries_each_active_builder_dex_once::case_1_historical_orders ... ok
test test_modify_order_success ... ok
test test_generate_mass_status_skips_inactive_cached_builder_dexes ... ok
test test_modify_stores_action ... ok
test test_multiple_orders_in_sequence ... ok
test test_query_account_does_not_block_within_runtime ... ok
test test_query_account_emits_spot_balances ... ok
test test_generate_mass_status_falls_back_for_saturated_history::case_1_historical_orders ... ok
test test_generate_mass_status_propagates_saturated_dex_discovery_error ... ok
test test_generate_mass_status_falls_back_for_saturated_history::case_2_user_fills ... ok
test test_generate_order_status_reports_filters_open_only_and_time_range ... ok
test test_get_account_address_uses_explicit_account_address ... ok
test test_exec_client_connect_disconnect ... ok
test test_modify_order_post_error_clears_pending_modify ... ok
test test_modify_order_inner_error_clears_pending_modify ... ok
test test_modify_order_falls_back_to_cached_oid_without_cached_cloid ... ok
test test_modify_order_rejection_does_not_mark_pending_modify ... ok
test test_modify_order_subtracts_filled_from_target_total ... ok
test test_modify_order_marks_pending_modify_before_post_completes ... ok
test test_cancel_all_orders_post_error_emits_no_cancel_rejected ... ok
test test_batch_cancel_orders_per_item_error_emits_cancel_rejected ... ok
test test_batch_cancel_orders_post_error_emits_no_cancel_rejected ... ok
test test_cancel_order_invalid_venue_id_logs_and_emits_no_cancel_rejected ... ok
test test_cancel_all_orders_short_statuses_emit_no_cancel_rejected ... ok
test test_cancel_order_missing_asset_index_logs_and_emits_no_cancel_rejected ... ok
test test_batch_cancel_orders_short_statuses_emit_no_cancel_rejected ... ok
test test_cancel_all_orders_per_item_error_emits_cancel_rejected ... ok
test test_batch_cancel_orders_invalid_venue_id_logs_and_dispatches_valid ... ok
test test_cancel_all_orders_missing_asset_index_logs_and_emits_no_cancel_rejected ... ok
test test_cancel_order_post_error_emits_no_cancel_rejected ... ok
test test_modify_order_uses_cached_cloid_target_without_venue_order_id ... ok
test test_batch_cancel_orders_missing_asset_index_logs_and_skips ... ok
test test_cancel_order_missing_emits_cancel_rejected ... ok
test test_submit_order_rejection ... ok
test test_submit_order_stores_action ... ok
test test_submit_order_success ... ok
test test_modify_order_qty_at_filled_emits_modify_rejected ... ok
test test_modify_order_rejects_without_venue_id_or_cached_cloid ... ok
test test_stop_aborts_ws_stream_and_pending_tasks ... ok
test test_submit_market_order_uses_resolved_slippage_from_params ... ok
test test_ws_cancel_orders_keeps_valid_cancel_when_one_asset_index_is_missing ... ok
test test_modify_order_rejects_cloid_target_before_venue_order_id_known ... ok
test test_query_order_emits_report_from_cloid_open_match ... ok
test test_query_order_cloid_only_without_cached_voi ... ok
test test_query_account_propagates_spot_endpoint_failure ... ok
test test_query_account_perp_endpoint_failure_emits_no_state ... ok
test test_ws_submit_orders_does_not_cache_cloids_when_later_order_fails_conversion ... ok
test test_ws_cancel_orders_keeps_valid_cancel_when_one_venue_id_is_invalid ... ok
test test_submit_order_after_stop_emits_denied ... ok
test test_ws_cancel_orders_returns_err_on_post_failure ... ok
test test_submit_order_list_normal_tpsl_stages_children_until_parent_fill ... ok
test test_submit_order_ws_post_includes_builder_attribution ... ok
test test_ws_cancel_orders_returns_per_item_errors_for_mixed_venue_statuses ... ok
test test_ws_cancel_orders_returns_err_when_second_route_post_fails ... ok
test test_submit_order_list_market_parent_derives_price_from_quote ... ok
test test_submit_order_ws_post_omits_builder_when_attribution_disabled ... ok
test test_query_order_forwards_old_leg_fill_during_modify ... ok
test test_query_order_falls_back_to_oid_when_cloid_misses ... ok
test test_submit_order_list_after_stop_emits_denied ... ok
test test_ws_cancel_orders_sends_oid_route_when_cloid_status_count_mismatches ... ok
test test_ws_cancel_orders_sends_oid_route_when_cloid_route_is_rejected ... ok
test test_ws_modify_order_uses_cached_cloid_target_without_venue_order_id ... ok
test test_ws_trading_cancel_and_modify_send_expected_actions ... ok
test test_ws_trading_submit_order_sends_builder_and_cloid ... ok
test test_ws_trading_submit_order_omits_builder_when_attribution_disabled ... ok
test test_submit_order_inner_error_cleans_up_dispatch_state ... ok
test test_query_order_suppresses_old_leg_cancel_during_modify ... ok
test test_query_order_unknown_returns_silently ... ok
test test_submit_order_closed_order_returns_silently ... ok
test test_submit_order_market_no_quote_emits_denied ... ok
test test_submit_order_list_denies_outcome_reduce_only ... ok
test test_submit_order_list_market_no_quote_emits_denied ... ok
test test_submit_order_asset_index_missing_emits_denied ... ok
test test_submit_order_list_market_bracket_no_quote_denies_children ... ok
test test_submit_order_unsupported_symbol_emits_denied::case_1_unsupported_symbol ... ok
test test_submit_order_list_per_order_inner_error_rejects_only_failing ... ok
test test_submit_order_list_single_inner_error_rejects_entire_batch ... ok
test test_generate_order_status_report_forwards_old_leg_fill_during_modify ... ok
test test_modify_order_success_marks_pending_modify ... ok
test test_query_order_oid_fallback_runs_when_cloid_request_errors ... ok
test test_stop_aborts_outcome_settlement_poll ... ok

test result: ok. 102 passed; 0 failed; 1 ignored; 0 measured; 0 filtered out; finished in 1.52s

     Running tests\http.rs (E:/persarb/nautilus_trader/target\nextest\deps\http-55926261b5dd5a7c.exe)

running 46 tests
test test_request_bars_missing_cached_instrument_returns_bad_request_lookup_error ... ok
test test_build_submit_order_report_missing_cached_instrument_returns_bad_request_lookup_error ... ok
test test_perp_meta_and_ctxs_returns_metadata_with_contexts ... ok
test test_info_open_orders_returns_empty_array ... ok
test test_info_l2_book_returns_orderbook ... ok
test test_invalid_request_type_returns_error ... ok
test test_info_meta_returns_market_metadata ... ok
test test_outcome_meta_returns_outcome_metadata ... ok
test test_rate_limit_triggers_429_response ... ok
test test_request_account_state_dedupes_usdc_with_perp_summary ... ok
test test_request_order_status_report_closed_order_fallback_propagates_cloid ... ok
test test_info_user_fills_returns_empty_for_new_user ... ok
test test_info_spot_clearinghouse_state_returns_balances ... ok
test test_request_order_status_report_by_client_order_id_no_match ... ok
test test_l2_book_request_includes_coin_parameter ... ok
test test_request_order_status_report_by_client_order_id_matches_cloid ... ok
test test_info_clearinghouse_state_returns_account_state ... ok
test test_request_position_status_reports_skips_perp_fetch_for_spot_filter ... ok
test test_request_order_status_report_not_found ... ok
test test_request_order_status_report_closed_order_fallback ... ok
test test_request_position_status_reports_skips_perp_fetch_for_outcome_filter ... ok
test test_request_order_status_report_open_order ... ok
test test_request_order_status_report_triggered_order ... ok
test test_request_position_status_reports_routes_builder_dex_filter::case_2 ... ok
test test_request_order_status_reports_routes_builder_dex_filter::case_1 ... ok
test test_request_position_status_reports_routes_builder_dex_filter::case_1 ... ok
test test_request_order_status_reports_aggregates_all_cached_dexs ... ok
test test_request_account_state_preserves_parsed_margins ... ok
test test_request_order_status_reports_routes_default_filter ... ok
test test_request_position_status_reports_aggregates_all_cached_dexs ... ok
test test_request_order_status_reports_routes_builder_dex_filter::case_2 ... ok
test test_request_position_status_reports_skips_spot_fetch_for_perp_filter ... ok
test test_request_spot_position_status_reports_filters_by_instrument_id ... ok
test test_request_spot_position_status_reports_emits_for_cached_instrument ... ok
test test_request_spot_balances_emits_one_per_non_zero_token ... ok
test test_request_spot_position_status_reports_resolves_outcome_side_token ... ok
test test_request_spot_position_status_reports_skips_usdc ... ok
test test_spot_meta_returns_spot_metadata ... ok
test test_user_fills_request_includes_user_parameter ... ok
test test_spot_meta_and_ctxs_returns_metadata_with_contexts ... ok
test test_request_spot_position_status_reports_skips_when_instrument_missing ... ok
test test_submit_orders_resolves_outcome_response_instrument ... ok
test test_submit_order_resolves_outcome_response_instrument ... ok
test test_request_account_state_propagates_spot_endpoint_failure ... ok
test test_request_position_status_reports_fails_when_later_dex_fetch_fails ... ok
test test_request_order_status_reports_fails_when_later_dex_fetch_fails ... ok

test result: ok. 46 passed; 0 failed; 0 ignored; 0 measured; 0 filtered out; finished in 0.79s

     Running tests\live_mainnet_smoke.rs (E:/persarb/nautilus_trader/target\nextest\deps\live_mainnet_smoke-f0f96b4cc8d25e38.exe)

running 5 tests
test live_config_debug_redacts_and_optional_private_paths ... ignored, live mainnet smoke
test live_mainnet_data_streams_allmids_book_and_reconnect ... ignored, live mainnet smoke
test live_mainnet_http_public_and_fill_paths ... ignored, live mainnet smoke
test live_mainnet_user_stream_reconnect ... ignored, live mainnet smoke
test live_testnet_public_reconnect ... ignored, live mainnet smoke

test result: ok. 0 passed; 0 failed; 5 ignored; 0 measured; 0 filtered out; finished in 0.00s

     Running tests\live_soak.rs (E:/persarb/nautilus_trader/target\nextest\deps\live_soak-403af7a307224895.exe)

running 6 tests
test soak_authenticated_mainnet_readonly ... ignored, live soak
test soak_http_exec_paths_across_active_users ... ignored, live soak
test soak_quote_integrity_and_triple_reconnect ... ignored, live soak
test soak_testnet_data_and_reconnect ... ignored, live soak
test soak_testnet_post_only_place_query_cancel ... ignored, live soak
test soak_user_stream_execution_reports ... ignored, live soak

test result: ok. 0 passed; 0 failed; 6 ignored; 0 measured; 0 filtered out; finished in 0.00s

     Running tests\websocket.rs (E:/persarb/nautilus_trader/target\nextest\deps\websocket-a0fc3c6158526e03.exe)

running 53 tests
test test_client_creation ... ok
test test_close_connection ... ok
test test_fast_book_snapshots_clear_old_levels_and_preserve_timestamps ... ok
test test_reconnection_retries_failed_subscriptions ... ok
test test_is_active_false_after_close ... ok
test test_reconnection_scenario ... ok
test test_is_active_lifecycle ... ok
test test_multiple_subscriptions ... ok
test test_all_mids_subscription ... ok
test test_all_mids_subscription_with_dex ... ok
test test_all_dexs_asset_ctxs_subscription_emits_normalized_custom_data ... ok
test test_book_subscribe_recovers_after_venue_reject ... ok
test test_fast_conflicts_do_not_change_stream_or_retain_failed_use::case_1 ... ok
test test_fast_conflicts_do_not_change_stream_or_retain_failed_use::case_2 ... ok
test test_public_and_generic_trades_share_one_venue_subscription ... ok
test test_depth10_only_unsubscribe_tears_down_stream_with_original_options ... ok
test test_all_mids_default_and_dex_subscriptions_emit_distinct_data_types ... ok
test test_subscribe_public_trades_emits_complete_custom_data ... ok
test test_resubscribe_book_echoes_original_options::case_2 ... ok
test test_book_precision_options_survive_reconnection::case_2 ... ok
test test_reconnect_forwards_reconnected_after_resubscribe ... ok
test test_resubscribe_book_echoes_original_options::case_1 ... ok
test test_resubscribe_book_echoes_original_options::case_3 ... ok
test test_book_precision_options_survive_reconnection::case_3 ... ok
test test_candle_subscription_survives_reconnection ... ok
test test_book_resubscribe_after_reconnect_cycle_reaches_venue ... ok
test test_book_precision_options_survive_reconnection::case_1 ... ok
test test_subscribe_user_twap_slice_fills_emits_custom_data ... ok
test test_sends_pong_for_control_ping ... ok
test test_true_auto_reconnect_with_verification ... ok
test test_subscribe_trades ... ok
test test_subscribe_user_twap_history_emits_custom_data ... ok
test test_subscribe_quotes ... ok
test test_subscribe_after_next_event_call ... ok
test test_resubscribe_quotes_sends_unsubscribe_then_subscribe ... ok
test test_subscribe_orderbook ... ok
test test_wait_until_active_timeout ... ok
test test_request_reconnect_replays_subscriptions ... ok
test test_resubscribe_book_skips_unregistered_stream ... ok
test test_unsubscribe_book_deltas_keeps_shared_stream_for_depth10::case_1 ... ok
test test_subscribe_user_events ... ok
test test_websocket_connection ... ok
test test_unsubscribe_book_deltas_keeps_shared_stream_for_depth10::case_2 ... ok
test test_subscription_restoration_tracking ... ok
test test_public_trade_replay_is_suppressed_after_reconnection ... ok
test test_unsubscribe_flow ... ok
test test_resubscribe_quotes_skips_unsubscribed_stream ... ok
test test_is_active_false_during_reconnection ... ok
test test_unsubscribed_channel_not_resubscribed_after_disconnect ... ok
test test_rapid_consecutive_reconnections ... ok
test test_heartbeat_timeout_reconnection ... ok
test test_multiple_partial_subscription_failures ... ok
test test_reconnection_race_condition ... ok

test result: ok. 53 passed; 0 failed; 0 ignored; 0 measured; 0 filtered out; finished in 3.43s

